2, 1.48, 9.73, -0.20, 4.45
4, 1.47, 9.78, -0.15, 4.45
7, 1.51, 9.73, -0.32, 4.43
9, 1.45, 9.58, -0.52, 4.45
12, 1.34, 10.10, -0.97, 4.43
14, 1.40, 9.51, -0.20, 4.43
17, 1.60, 9.60, 0.20, 4.43
24, 1.43, 9.75, -0.12, 4.43
27, 1.52, 9.69, 0.07, 4.43
29, 1.35, 8.97, -0.11, 4.43
32, 1.26, 9.52, -0.59, 4.43
34, 1.66, 9.94, -0.29, 4.43
37, 1.57, 10.02, 0.00, 4.43
39, 1.27, 9.16, -0.25, 4.43
42, 1.45, 9.47, -0.13, 4.43
44, 1.94, 9.07, 0.65, 4.42
47, 2.23, 11.02, 0.72, 4.43
49, 1.36, 9.15, -0.23, 4.43
52, 1.75, 10.34, -0.34, 4.45
54, 1.43, 9.43, -0.94, 4.45
57, 1.73, 9.88, -0.06, 4.43
59, 1.01, 10.02, -1.57, 4.43
62, 0.96, 9.58, -1.31, 4.43
64, 1.41, 9.87, 0.05, 4.43
67, 1.20, 9.68, -0.18, 4.43
69, 1.31, 9.89, 0.89, 4.43
72, 1.03, 9.41, 0.05, 4.43
74, 1.69, 9.85, 1.33, 4.43
77, 1.66, 9.56, 0.50, 4.43
79, 1.62, 9.66, 0.22, 4.43
82, 1.75, 9.73, -0.63, 4.43
84, 1.67, 9.91, -0.66, 4.43
87, 1.85, 9.69, -0.48, 4.43
89, 1.72, 9.68, -0.88, 4.43
92, 1.69, 9.77, -0.34, 4.43
94, 1.53, 9.82, -0.28, 4.39
97, 2.21, 10.12, 1.88, 4.43
99, 1.88, 9.77, 0.71, 4.43
102, 1.44, 9.79, 0.34, 4.43
104, 1.34, 9.85, -0.17, 4.43
107, 1.35, 9.83, 0.12, 4.42
109, 1.04, 9.70, -0.69, 4.43
112, 0.95, 9.65, -1.50, 4.43
114, 0.92, 9.75, -1.25, 4.43
117, 0.85, 9.58, -1.10, 4.43
119, 1.24, 9.60, -0.44, 4.42
122, 1.25, 9.67, -0.76, 4.43
124, 1.14, 9.90, -0.56, 4.43
127, 1.23, 9.80, -0.54, 4.43
129, 1.41, 9.75, -0.10, 4.43
132, 1.48, 9.77, -0.31, 4.43
134, 1.48, 9.81, -0.23, 4.45
137, 1.62, 9.77, -0.16, 4.42
139, 1.69, 9.74, -0.05, 4.43
142, 1.75, 9.75, 0.14, 4.43
144, 1.69, 9.74, -0.02, 4.43
147, 1.70, 9.77, 0.07, 4.45
149, 1.62, 9.74, -0.12, 4.43
152, 1.70, 9.75, 0.09, 4.43
154, 1.60, 9.74, 0.11, 4.45
157, 1.56, 9.81, 0.04, 4.43
159, 1.60, 9.78, -0.01, 4.43
162, 1.52, 9.81, 0.02, 4.43
164, 1.50, 9.83, 0.09, 4.43
167, 1.51, 9.87, -0.17, 4.43
169, 1.38, 8.93, 0.05, 4.43
172, -0.45, 7.15, 1.12, 4.43
174, 1.69, 8.89, 0.89, 4.45
177, 0.31, 8.77, -0.94, 4.43
179, 0.64, 9.63, -3.75, 4.43
182, 1.44, 10.27, -2.42, 4.43
184, 0.82, 10.40, -1.18, 4.43
187, 1.35, 9.95, -1.96, 4.43
189, 3.02, 9.95, 4.62, 4.43
192, 1.47, 10.38, -0.24, 4.43
194, 1.43, 9.36, 0.03, 4.43
199, 2.12, 9.44, 1.49, 4.43
202, 1.60, 10.27, -0.23, 4.43
204, 0.84, 9.63, -2.07, 4.43
207, 1.93, 10.04, -0.76, 4.45
209, 1.18, 10.02, -1.05, 4.45
212, 1.65, 9.71, 0.14, 4.43
214, 1.55, 9.72, 0.18, 4.43
217, 1.66, 9.81, 0.74, 4.43
219, 1.92, 9.78, 1.33, 4.43
222, 1.55, 9.67, 0.48, 4.43
224, 1.88, 9.87, 0.96, 4.43
227, 1.69, 9.53, -0.08, 4.45
229, 1.46, 9.71, -0.52, 4.43
232, 1.60, 9.29, -1.05, 4.43
234, 1.50, 9.81, -1.04, 4.43
237, 1.23, 9.62, -1.66, 4.43
239, 1.35, 9.98, -1.18, 4.43
242, 1.36, 9.77, -0.96, 4.43
244, 1.21, 9.88, -0.42, 4.45
247, 1.15, 9.73, -0.31, 4.43
249, 0.89, 9.77, -0.37, 4.43
252, 1.38, 9.75, 0.45, 4.43
254, 1.12, 9.61, 0.30, 4.43
257, 1.23, 9.63, -0.05, 4.43
259, 1.29, 9.62, -0.23, 4.43
262, 1.32, 9.70, -0.37, 4.42
264, 1.72, 9.68, -0.40, 4.43
267, 1.79, 9.65, -0.32, 4.43
269, 1.69, 9.67, -0.78, 4.43
272, 1.85, 9.67, -0.39, 4.42
274, 1.86, 9.86, -0.10, 4.45
277, 1.67, 9.71, -0.56, 4.43
279, 1.49, 10.04, -0.41, 4.43
282, 1.62, 9.68, -0.24, 4.43
284, 1.65, 9.74, 0.35, 4.45
287, 1.41, 9.40, 0.04, 4.43
289, 1.42, 9.76, 0.16, 4.43
292, 1.43, 9.77, -0.02, 4.43
294, 1.24, 10.13, -0.37, 4.43
297, 1.30, 9.98, -0.29, 4.43
299, 1.09, 9.73, -0.59, 4.40
302, 1.41, 9.77, -0.35, 4.43
304, 1.51, 9.76, -0.62, 4.42
307, 1.50, 9.82, -0.29, 4.43
309, 1.58, 9.69, -0.43, 4.43
312, 1.49, 9.77, -0.44, 4.43
314, 1.73, 9.78, -0.16, 4.43
317, 1.67, 9.75, -0.15, 4.43
319, 1.58, 9.61, 0.11, 4.43
322, 1.72, 9.43, -0.09, 4.43
324, 1.64, 9.69, 0.04, 4.43
327, 1.57, 9.58, 0.01, 4.42
329, 1.50, 9.72, 0.03, 4.45
332, 1.51, 9.67, -0.31, 4.43
334, 1.49, 9.82, -0.32, 4.43
337, 1.35, 9.87, -0.40, 4.45
339, 1.35, 9.90, -0.34, 4.45
342, 1.28, 9.74, -0.49, 4.43
344, 1.18, 9.82, -0.54, 4.43
347, 1.36, 9.68, -0.33, 4.43
357, 1.52, 9.82, -0.24, 4.43
359, 1.44, 9.77, -0.41, 4.43
362, 1.57, 9.80, -0.20, 4.43
364, 1.48, 9.85, -0.42, 4.45
367, 1.56, 9.96, -0.30, 4.43
369, 1.51, 9.68, -0.11, 4.43
372, 1.53, 9.63, -0.31, 4.43
374, 1.60, 9.71, -0.08, 4.43
377, 1.53, 9.76, -0.12, 4.43
379, 1.52, 9.85, -0.19, 4.43
382, 1.56, 9.95, -0.32, 4.43
384, 1.57, 9.81, -0.32, 4.43
387, 1.56, 9.77, -0.28, 4.43
389, 1.45, 9.72, -0.30, 4.43
392, 1.51, 9.75, -0.26, 4.45
394, 1.48, 9.70, -0.33, 4.45
397, 1.49, 9.75, -0.27, 4.43
399, 1.50, 9.79, -0.27, 4.43
402, 1.37, 9.81, -0.28, 4.40
404, 1.49, 9.85, -0.32, 4.43
407, 1.47, 9.75, -0.32, 4.43
409, 1.43, 9.81, -0.27, 4.43
412, 1.49, 9.80, -0.35, 4.43
414, 1.53, 9.75, -0.30, 4.45
417, 1.53, 9.75, -0.27, 4.42
419, 1.49, 9.77, -0.26, 4.43
422, 1.53, 9.80, -0.27, 4.43
424, 1.50, 9.79, -0.23, 4.43
427, 1.61, 9.74, -0.17, 4.42
429, 1.48, 9.77, -0.18, 4.43
432, 1.62, 9.75, -0.26, 4.42
434, 1.52, 9.75, -0.19, 4.43
437, 1.58, 9.81, -0.21, 4.43
439, 1.53, 9.75, -0.25, 4.43
442, 1.49, 9.75, -0.22, 4.43
444, 1.46, 9.70, -0.29, 4.43
447, 1.51, 9.80, -0.36, 4.43
449, 1.52, 9.82, -0.25, 4.42
452, 1.52, 9.78, -0.34, 4.43
454, 1.34, 9.75, -0.30, 4.43
457, 1.47, 9.77, -0.29, 4.43
459, 1.36, 9.79, -0.31, 4.43
462, 1.48, 9.78, -0.30, 4.45
464, 1.46, 9.80, -0.33, 4.43
467, 1.52, 9.80, -0.27, 4.43
469, 1.45, 9.79, -0.25, 4.43
472, 1.49, 9.74, -0.26, 4.43
474, 1.51, 9.79, -0.31, 4.43
477, 1.59, 9.79, -0.18, 4.43
479, 1.57, 9.77, -0.21, 4.43
482, 1.58, 9.71, -0.21, 4.43
484, 1.60, 9.74, -0.13, 4.45
487, 1.59, 9.78, -0.19, 4.43
489, 1.54, 9.74, -0.20, 4.43
492, 1.60, 9.79, -0.22, 4.43
494, 1.48, 9.77, -0.22, 4.45
496, 1.58, 9.78, -0.27, 4.43
499, 1.42, 9.78, -0.21, 4.43
501, 1.45, 9.75, -0.22, 4.43
504, 1.48, 9.81, -0.31, 4.40
507, 1.42, 9.85, -0.33, 4.45
509, 1.41, 9.74, -0.28, 4.43
511, 1.48, 9.81, -0.35, 4.43
514, 1.50, 9.70, -0.28, 4.43
516, 1.49, 9.81, -0.30, 4.43
519, 1.53, 9.74, -0.32, 4.43
521, 1.48, 9.80, -0.26, 4.43
524, 1.51, 9.70, -0.27, 4.43
526, 1.53, 9.78, -0.29, 4.42
529, 1.48, 9.80, -0.24, 4.42
532, 1.48, 9.74, -0.22, 4.42
534, 1.52, 9.72, -0.29, 4.45
544, 1.50, 9.75, -0.30, 4.43
546, 1.47, 9.79, -0.24, 4.43
549, 1.54, 9.79, -0.31, 4.43
551, 1.48, 9.82, -0.33, 4.45
554, 1.50, 9.73, -0.30, 4.43
556, 1.46, 9.73, -0.33, 4.43
559, 1.50, 9.77, -0.29, 4.43
561, 1.45, 9.78, -0.34, 4.43
564, 1.48, 9.80, -0.36, 4.45
566, 1.48, 9.82, -0.25, 4.42
569, 1.47, 9.74, -0.32, 4.43
571, 1.47, 9.77, -0.26, 4.45
574, 1.50, 9.75, -0.30, 4.43
576, 1.53, 9.75, -0.24, 4.45
579, 1.50, 9.80, -0.26, 4.43
581, 1.48, 9.74, -0.26, 4.43
584, 1.48, 9.75, -0.33, 4.43
586, 1.52, 9.79, -0.22, 4.43
589, 1.49, 9.77, -0.21, 4.45
591, 1.52, 9.75, -0.23, 4.43
594, 1.46, 9.78, -0.19, 4.43
596, 1.58, 9.78, -0.23, 4.43
599, 1.54, 9.73, -0.25, 4.43
601, 1.48, 9.74, -0.30, 4.43
604, 1.52, 9.79, -0.24, 4.43
606, 1.52, 9.74, -0.26, 4.40
609, 1.51, 9.83, -0.32, 4.43
611, 1.48, 9.75, -0.27, 4.43
614, 1.54, 9.77, -0.23, 4.43
616, 1.49, 9.78, -0.27, 4.43
619, 1.53, 9.80, -0.29, 4.43
621, 1.50, 9.76, -0.30, 4.43
624, 1.48, 9.80, -0.30, 4.43
626, 1.48, 9.81, -0.26, 4.43
629, 1.50, 9.75, -0.17, 4.43
631, 1.49, 9.81, -0.25, 4.42
634, 1.48, 9.82, -0.27, 4.43
636, 1.49, 9.81, -0.24, 4.43
639, 1.50, 9.81, -0.22, 4.43
641, 1.55, 9.78, -0.23, 4.42
644, 1.57, 9.75, -0.28, 4.43
646, 1.49, 9.68, -0.27, 4.43
649, 1.54, 9.80, -0.19, 4.42
651, 1.48, 9.78, -0.22, 4.43
654, 1.53, 9.74, -0.17, 4.43
656, 1.57, 9.77, -0.26, 4.43
659, 1.53, 9.78, -0.23, 4.43
661, 1.51, 9.79, -0.26, 4.43
664, 1.46, 9.82, -0.23, 4.43
666, 1.50, 9.75, -0.31, 4.43
669, 1.47, 9.78, -0.36, 4.43
671, 1.52, 9.81, -0.27, 4.45
674, 1.44, 9.74, -0.29, 4.43
676, 1.50, 9.81, -0.29, 4.43
679, 1.56, 9.76, -0.29, 4.43
681, 1.45, 9.76, -0.21, 4.43
684, 1.54, 9.75, -0.23, 4.43
686, 1.52, 9.83, -0.22, 4.43
689, 1.50, 9.77, -0.29, 4.43
691, 1.53, 9.80, -0.28, 4.45
694, 1.51, 9.72, -0.26, 4.43
696, 1.54, 9.77, -0.31, 4.43
699, 1.56, 9.76, -0.29, 4.45
701, 1.54, 9.76, -0.28, 4.43
704, 1.56, 9.76, -0.21, 4.43
706, 1.48, 9.81, -0.24, 4.43
709, 1.51, 9.69, -0.26, 4.43
711, 1.54, 9.79, -0.30, 4.43
714, 1.48, 9.73, -0.21, 4.43
716, 1.54, 9.79, -0.31, 4.43
726, 1.47, 9.75, -0.30, 4.43
729, 1.51, 9.80, -0.25, 4.43
731, 1.51, 9.80, -0.30, 4.43
734, 1.53, 9.78, -0.27, 4.41
736, 1.49, 9.81, -0.29, 4.43
739, 1.49, 9.80, -0.29, 4.43
741, 1.58, 9.82, -0.28, 4.43
744, 1.46, 9.81, -0.34, 4.43
746, 1.51, 9.75, -0.28, 4.43
749, 1.55, 9.71, -0.25, 4.43
751, 1.49, 9.76, -0.24, 4.43
754, 1.50, 9.76, -0.31, 4.43
756, 1.50, 9.74, -0.33, 4.43
759, 1.52, 9.82, -0.27, 4.43
761, 1.57, 9.74, -0.31, 4.43
764, 1.52, 9.72, -0.27, 4.43
766, 1.47, 9.71, -0.25, 4.43
769, 1.48, 9.71, -0.23, 4.43
771, 1.52, 9.76, -0.28, 4.43
774, 1.48, 9.72, -0.26, 4.43
776, 1.48, 9.78, -0.30, 4.43
779, 1.52, 9.75, -0.32, 4.43
781, 1.48, 9.73, -0.26, 4.43
784, 1.52, 9.79, -0.33, 4.43
786, 1.51, 9.80, -0.28, 4.42
789, 1.44, 9.79, -0.30, 4.45
791, 1.55, 9.74, -0.26, 4.43
794, 1.43, 9.71, -0.31, 4.43
796, 1.47, 9.80, -0.22, 4.43
799, 1.53, 9.74, -0.32, 4.43
801, 1.51, 9.74, -0.29, 4.43
804, 1.52, 9.80, -0.23, 4.43
806, 1.55, 9.74, -0.29, 4.43
809, 1.49, 9.81, -0.25, 4.43
811, 1.47, 9.77, -0.23, 4.42
814, 1.55, 9.77, -0.29, 4.43
816, 1.47, 9.81, -0.27, 4.45
819, 1.46, 9.78, -0.27, 4.43
821, 1.51, 9.81, -0.29, 4.43
824, 1.51, 9.75, -0.31, 4.43
826, 1.45, 9.76, -0.30, 4.43
829, 1.51, 9.67, -0.24, 4.45
831, 1.47, 9.73, -0.36, 4.43
834, 1.50, 9.76, -0.28, 4.43
836, 1.44, 9.79, -0.30, 4.41
839, 1.48, 9.71, -0.30, 4.43
841, 1.51, 9.80, -0.32, 4.43
844, 1.53, 9.72, -0.29, 4.43
846, 1.51, 9.77, -0.25, 4.43
849, 1.56, 9.82, -0.24, 4.45
851, 1.54, 9.77, -0.32, 4.43
854, 1.43, 9.77, -0.29, 4.42
856, 1.58, 9.78, -0.29, 4.45
859, 1.51, 9.78, -0.24, 4.43
861, 1.51, 9.80, -0.26, 4.43
864, 1.50, 9.76, -0.28, 4.45
866, 1.54, 9.81, -0.29, 4.43
869, 1.52, 9.78, -0.21, 4.43
871, 1.49, 9.76, -0.24, 4.43
874, 1.47, 9.79, -0.28, 4.43
876, 1.47, 9.77, -0.28, 4.43
879, 1.49, 9.75, -0.25, 4.43
881, 1.52, 9.78, -0.25, 4.43
884, 1.52, 9.79, -0.21, 4.43
886, 1.44, 9.80, -0.32, 4.45
889, 1.53, 9.75, -0.23, 4.43
891, 1.49, 9.75, -0.30, 4.43
894, 1.53, 9.75, -0.30, 4.42
896, 1.48, 9.79, -0.24, 4.42
899, 1.53, 9.81, -0.24, 4.43
901, 1.50, 9.80, -0.19, 4.43
904, 1.53, 9.79, -0.29, 4.43
914, 1.51, 9.75, -0.27, 4.42
916, 1.50, 9.79, -0.24, 4.45
919, 1.51, 9.78, -0.29, 4.43
921, 1.48, 9.74, -0.31, 4.43
924, 1.48, 9.75, -0.29, 4.43
926, 1.54, 9.79, -0.24, 4.45
929, 1.42, 9.72, -0.30, 4.45
931, 1.49, 9.81, -0.30, 4.43
934, 1.55, 9.71, -0.34, 4.43
936, 1.50, 9.76, -0.30, 4.43
939, 1.52, 9.78, -0.23, 4.42
941, 1.54, 9.89, -0.24, 4.43
944, 1.54, 9.80, -0.28, 4.43
946, 1.56, 9.69, -0.28, 4.43
949, 1.48, 9.72, -0.27, 4.43
951, 1.51, 9.76, -0.22, 4.43
954, 1.52, 9.80, -0.28, 4.43
956, 1.51, 9.80, -0.28, 4.43
959, 1.56, 9.79, -0.31, 4.45
961, 1.58, 9.75, -0.25, 4.43
964, 1.50, 9.73, -0.30, 4.43
966, 1.43, 9.83, -0.31, 4.43
969, 1.45, 9.78, -0.26, 4.43
971, 1.50, 9.80, -0.30, 4.43
974, 1.46, 9.73, -0.27, 4.43
976, 1.54, 9.80, -0.30, 4.43
979, 1.47, 9.75, -0.29, 4.43
981, 1.50, 9.78, -0.33, 4.43
984, 1.48, 9.75, -0.28, 4.44
986, 1.51, 9.75, -0.27, 4.43
989, 1.47, 9.75, -0.29, 4.43
991, 1.52, 9.80, -0.30, 4.43
994, 1.52, 9.76, -0.29, 4.43
996, 1.48, 9.74, -0.27, 4.43
999, 1.54, 9.76, -0.30, 4.43
1001, 1.52, 9.77, -0.29, 4.43
1004, 1.51, 9.72, -0.29, 4.45
1006, 1.56, 9.78, -0.29, 4.43
1009, 1.47, 9.82, -0.32, 4.43
1011, 1.53, 9.76, -0.31, 4.43
1014, 1.52, 9.75, -0.27, 4.43
1016, 1.48, 9.77, -0.22, 4.42
1019, 1.47, 9.72, -0.32, 4.43
1021, 1.49, 9.75, -0.29, 4.43
1024, 1.53, 9.71, -0.23, 4.43
1026, 1.50, 9.76, -0.25, 4.43
1029, 1.48, 9.76, -0.27, 4.43
1031, 1.54, 9.81, -0.28, 4.43
1034, 1.57, 9.83, -0.29, 4.43
1036, 1.43, 9.81, -0.30, 4.43
1039, 1.50, 9.81, -0.27, 4.43
1041, 1.52, 9.77, -0.28, 4.42
1044, 1.50, 9.80, -0.28, 4.43
1046, 1.50, 9.72, -0.30, 4.43
1049, 1.53, 9.82, -0.26, 4.43
1059, 1.56, 9.79, -0.27, 4.43
1061, 1.53, 9.75, -0.25, 4.43
1064, 1.52, 9.81, -0.34, 4.43
1066, 1.52, 9.77, -0.28, 4.45
1069, 1.53, 9.76, -0.30, 4.43
1071, 1.52, 9.75, -0.27, 4.43
1074, 1.51, 9.75, -0.22, 4.43
1076, 1.52, 9.78, -0.31, 4.43
1079, 1.53, 9.77, -0.29, 4.43
1081, 1.53, 9.76, -0.25, 4.43
1084, 1.54, 9.78, -0.28, 4.43
1086, 1.44, 9.72, -0.22, 4.43
1089, 1.49, 9.80, -0.26, 4.43
1091, 1.48, 9.78, -0.27, 4.45
1094, 1.51, 9.78, -0.27, 4.43
1096, 1.57, 9.80, -0.33, 4.43
1099, 1.54, 9.83, -0.27, 4.43
1101, 1.48, 9.77, -0.26, 4.43
1104, 1.53, 9.77, -0.28, 4.43
1106, 1.51, 9.81, -0.27, 4.43
1109, 1.46, 9.70, -0.31, 4.43
1111, 1.49, 9.98, -1.57, 4.43
1114, 1.18, 10.11, -0.30, 4.43
1116, 0.63, 10.07, -1.48, 4.43
1119, 0.65, 10.00, -0.76, 4.42
1121, 0.98, 9.98, -1.37, 4.43
1124, 1.13, 9.99, 0.05, 4.45
1126, 1.02, 9.88, -1.28, 4.43
1129, 1.65, 9.83, -0.02, 4.43
1131, 1.44, 9.80, -0.40, 4.43
1134, 2.03, 9.80, 0.33, 4.43
1136, 1.60, 9.73, -0.51, 4.43
1139, 1.77, 9.67, 0.38, 4.43
1141, 1.51, 9.75, -0.04, 4.43
1144, 1.73, 9.70, -0.30, 4.42
1146, 1.71, 9.72, -0.38, 4.43
1149, 1.54, 9.73, -0.13, 4.43
1151, 1.49, 9.84, -0.36, 4.43
1154, 1.61, 9.70, -1.53, 4.43
1164, 1.89, 10.03, -1.71, 4.43
1166, 1.53, 10.17, -1.31, 4.43
1169, 1.47, 10.41, -1.23, 4.43
1171, 1.19, 10.29, -0.57, 4.43
1174, 0.97, 10.12, 0.14, 4.43
1176, 0.63, 9.90, 0.13, 4.43
1179, 0.77, 9.79, -0.14, 4.43
1181, 0.72, 9.91, 0.05, 4.43
1184, 0.74, 9.90, -0.74, 4.43
1186, 0.94, 9.96, -0.83, 4.43
1189, 1.17, 9.98, -1.03, 4.43
1191, 1.20, 9.92, -0.37, 4.43
1194, 1.26, 9.86, -0.95, 4.43
1196, 1.56, 9.76, -0.51, 4.43
1199, 1.78, 9.87, -0.46, 4.42
1201, 1.90, 9.96, -0.56, 4.43
1204, 1.92, 9.91, -0.40, 4.43
1206, 1.73, 9.84, -0.55, 4.43
1209, 1.80, 9.92, -0.13, 4.45
1211, 1.60, 9.88, -0.26, 4.43
1214, 1.56, 10.02, -0.37, 4.43
1216, 1.52, 10.08, -1.39, 4.43
1219, 1.72, 10.05, -0.71, 4.43
1221, 1.72, 10.08, -1.07, 4.43
1224, 1.78, 10.03, -0.39, 4.43
1226, 1.49, 10.01, -0.89, 4.43
1229, 1.58, 9.98, -0.65, 4.43
1231, 1.68, 10.00, -0.20, 4.43
1234, 1.56, 9.89, -0.49, 4.43
1236, 1.62, 9.93, -0.21, 4.43
1239, 1.56, 9.86, -0.37, 4.43
1241, 1.66, 9.80, -0.33, 4.43
1244, 1.58, 9.89, -0.47, 4.43
1246, 1.61, 9.81, -0.31, 4.40
1249, 1.71, 9.84, -0.24, 4.42
1259, 1.76, 9.75, -0.10, 4.43
1261, 1.76, 9.66, -0.19, 4.43
1264, 1.77, 9.81, -0.19, 4.43
1266, 1.74, 9.80, -0.00, 4.43
1269, 1.68, 9.75, -0.22, 4.43
1271, 1.68, 9.81, -0.15, 4.43
1274, 1.63, 9.82, -0.17, 4.43
1276, 1.66, 9.89, -0.03, 4.43
1279, 1.58, 9.77, -0.24, 4.43
1281, 1.62, 9.96, -0.08, 4.43
1284, 1.55, 10.10, -0.51, 4.43
1286, 1.54, 9.96, -0.21, 4.43
1289, 1.61, 10.08, -0.03, 4.43
1291, 1.55, 9.87, -0.37, 4.43
1294, 1.65, 9.98, -0.45, 4.43
1296, 1.73, 9.90, 0.09, 4.43
1299, 1.88, 9.89, -0.16, 4.43
1301, 1.77, 10.10, -0.23, 4.43
1304, 1.84, 10.22, -0.35, 4.43
1306, 1.83, 9.56, -0.04, 4.43
1309, 1.56, 10.23, -0.16, 4.43
1311, 1.39, 9.94, -0.94, 4.43
1314, 1.45, 10.64, -1.00, 4.43
1316, 1.89, 9.89, -0.45, 4.43
1319, 1.86, 9.95, 0.05, 4.43
1321, 1.54, 10.22, -0.54, 4.43
1324, 1.92, 9.85, -0.02, 4.42
1326, 2.02, 10.14, 0.42, 4.43
1329, 1.69, 10.21, 0.10, 4.43
1331, 1.53, 10.34, -0.10, 4.43
1334, 2.08, 10.19, 0.36, 4.43
1336, 1.89, 10.51, -0.12, 4.43
1339, 1.55, 10.34, -0.91, 4.42
1341, 1.98, 10.29, 0.60, 4.43
1344, 2.13, 10.45, 0.09, 4.43
1346, 1.58, 10.32, 0.01, 4.43
1349, 2.13, 10.38, 0.45, 4.40
1351, 1.36, 11.15, -1.51, 4.43
1361, 1.78, 10.32, 0.00, 4.43
1364, 2.03, 9.99, -0.37, 4.43
1366, 2.06, 9.70, 0.72, 4.43
1369, 2.34, 9.30, 1.12, 4.43
1371, 1.99, 9.78, 0.67, 4.43
1374, 1.87, 9.92, -0.32, 4.43
1376, 1.72, 10.07, 0.12, 4.43
1379, 1.68, 10.48, -0.30, 4.43
1381, 1.43, 9.89, -0.45, 4.43
1384, 1.74, 9.49, 0.30, 4.43
1386, 1.75, 9.52, 0.82, 4.43
1389, 1.90, 9.20, 0.92, 4.43
1391, 1.61, 9.41, 0.36, 4.43
1394, 1.58, 9.01, 0.22, 4.43
1396, 1.75, 9.69, 0.59, 4.43
1399, 1.32, 9.95, -0.76, 4.43
1401, 1.54, 9.07, 0.64, 4.43
1404, 1.81, 9.27, 0.56, 4.45
1406, 2.11, 9.60, 0.70, 4.43
1409, 1.86, 10.44, -0.19, 4.43
1411, 1.64, 9.48, 0.08, 4.43
1414, 2.30, 10.37, 1.45, 4.43
1416, 1.35, 9.75, -1.00, 4.43
1419, 1.59, 8.61, 1.39, 4.43
1421, 1.51, 10.12, 0.17, 4.43
1424, 1.63, 9.86, 0.12, 4.43
1426, 1.76, 10.83, 0.94, 4.43
1429, 1.39, 10.28, -0.46, 4.43
1431, 1.54, 9.94, 1.69, 4.43
1434, 1.35, 9.47, 0.49, 4.43
1436, 1.77, 9.52, 1.84, 4.43
1439, 1.46, 9.83, 0.91, 4.43
1441, 2.45, 9.54, 3.02, 4.43
1444, 1.27, 11.67, 0.46, 4.43
1446, 1.68, 9.73, 0.27, 4.43
1449, 1.01, 10.75, 0.84, 4.43
1451, 1.00, 8.98, 1.19, 4.40
1454, 1.98, 9.65, 2.11, 4.42
1456, 1.12, 9.43, -0.47, 4.45
1459, 3.02, 8.15, 1.39, 4.43
1461, 1.88, 9.54, 0.89, 4.43
1464, 2.41, 9.12, 1.48, 4.43
1466, 2.66, 10.15, 1.15, 4.43
1469, 1.26, 10.96, -0.72, 4.43
1471, 2.17, 9.09, 1.03, 4.43
1474, 2.61, 8.73, 2.39, 4.43
1476, 1.72, 8.57, 1.25, 4.43
1486, 2.40, 10.40, 1.07, 4.43
1489, 2.36, 10.01, 0.82, 4.43
1491, 2.21, 9.87, 1.38, 4.43
1494, 2.47, 9.66, 1.58, 4.43
1496, 2.35, 9.61, 1.23, 4.43
1499, 2.20, 9.49, 1.49, 4.43
1501, 2.51, 10.13, 0.81, 4.45
1504, 2.60, 9.97, 1.12, 4.43
1506, 2.31, 9.64, 0.80, 4.45
1509, 2.45, 9.61, 0.92, 4.43
1511, 2.51, 9.65, 1.54, 4.43
1514, 2.28, 9.30, 1.18, 4.43
1516, 2.28, 9.32, 1.16, 4.43
1519, 2.30, 9.28, 1.75, 4.43
1521, 2.51, 9.22, 2.42, 4.43
1524, 2.75, 9.13, 4.90, 4.43
1526, 2.45, 9.14, 2.68, 4.43
1529, 2.52, 9.15, 2.41, 4.43
1531, 1.88, 9.18, 1.49, 4.43
1534, 2.14, 9.12, 1.22, 4.43
1536, 2.33, 9.62, 1.46, 4.43
1539, 2.04, 9.29, 1.10, 4.43
1541, 2.31, 9.40, 2.10, 4.43
1544, 2.09, 9.66, 1.74, 4.43
1546, 2.02, 9.23, 2.09, 4.43
1549, 2.26, 9.31, 1.87, 4.43
1551, 2.22, 9.59, 1.82, 4.43
1554, 2.18, 9.41, 1.70, 4.40
1556, 2.22, 9.37, 1.77, 4.42
1559, 2.15, 9.59, 1.62, 4.45
1561, 2.19, 9.30, 2.29, 4.43
1564, 2.19, 9.20, 2.29, 4.43
1566, 2.20, 9.43, 2.38, 4.43
1569, 2.17, 9.00, 2.42, 4.43
1571, 2.43, 9.56, 2.14, 4.43
1574, 2.40, 9.50, 2.25, 4.45
1576, 2.36, 9.27, 2.71, 4.43
1579, 2.22, 9.24, 1.91, 4.42
1581, 2.17, 9.11, 2.36, 4.43
1584, 2.32, 9.12, 2.62, 4.43
1586, 2.26, 9.25, 2.30, 4.43
1589, 2.01, 8.35, 2.44, 4.43
1591, 2.34, 8.40, 2.95, 4.43
1594, 2.47, 9.22, 2.39, 4.43
1596, 2.51, 9.26, 2.81, 4.43
1599, 2.29, 9.01, 2.17, 4.43
1601, 2.43, 9.04, 2.30, 4.43
1604, 2.23, 9.00, 2.29, 4.43
1606, 2.32, 8.97, 2.47, 4.43
1609, 2.73, 9.44, 3.05, 4.43
1611, 2.52, 9.01, 3.32, 4.43
1614, 2.36, 9.27, 2.77, 4.43
1616, 2.55, 9.37, 2.74, 4.43
1619, 2.82, 9.31, 2.95, 4.43
1621, 2.56, 9.13, 2.43, 4.43
1624, 2.54, 8.89, 2.11, 4.43
1626, 2.64, 8.91, 2.88, 4.43
1629, 2.47, 8.88, 2.79, 4.42
1631, 2.78, 9.01, 2.96, 4.43
1634, 2.90, 8.84, 3.47, 4.43
1636, 2.66, 8.92, 3.67, 4.43
1639, 2.70, 8.77, 3.15, 4.43
1641, 3.00, 9.53, 3.33, 4.43
1644, 2.55, 8.64, 3.70, 4.43
1646, 2.80, 8.07, 3.78, 4.43
1649, 2.62, 8.53, 3.42, 4.43
1651, 2.65, 8.37, 3.32, 4.43
1653, 2.45, 8.48, 3.08, 4.43
1656, 2.31, 9.05, 2.30, 4.40
1659, 2.49, 8.95, 3.40, 4.42
1661, 2.50, 8.28, 4.03, 4.43
1671, 2.45, 8.50, 2.50, 4.45
1674, 2.60, 8.79, 3.29, 4.43
1676, 2.73, 8.98, 3.27, 4.43
1679, 2.69, 8.49, 3.66, 4.43
1681, 3.06, 8.72, 4.11, 4.43
1684, 3.04, 8.60, 3.94, 4.43
1686, 3.03, 8.32, 4.29, 4.43
1688, 3.05, 8.70, 3.92, 4.43
1691, 2.74, 8.67, 3.50, 4.45
1694, 2.75, 8.00, 4.54, 4.43
1696, 2.74, 8.04, 4.14, 4.43
1698, 2.80, 8.45, 3.84, 4.43
1701, 2.79, 7.74, 4.87, 4.43
1704, 2.99, 8.50, 3.67, 4.43
1706, 2.91, 8.23, 4.64, 4.45
1708, 3.07, 8.39, 4.23, 4.43
1711, 3.10, 8.41, 4.58, 4.45
1713, 2.92, 7.81, 4.70, 4.43
1716, 3.28, 8.08, 4.46, 4.43
1718, 3.40, 8.56, 3.84, 4.43
1721, 3.06, 8.02, 4.66, 4.43
1723, 4.36, 8.55, 5.63, 4.43
1726, 4.04, 8.85, 4.72, 4.42
1728, 3.88, 7.99, 5.99, 4.43
1731, 4.18, 9.21, 5.19, 4.42
1734, 1.72, 6.68, 4.58, 4.45
1736, 3.10, 8.91, 2.13, 4.43
1738, 2.99, 8.45, 3.11, 4.43
1741, 2.89, 7.81, 5.51, 4.43
1743, 3.16, 8.86, 4.40, 4.43
1746, 2.18, 8.23, 3.29, 4.43
1748, 2.20, 8.73, 3.83, 4.45
1751, 1.86, 9.70, 3.41, 4.43
1753, 1.12, 10.21, 3.90, 4.43
1756, 0.43, 11.87, 4.25, 4.43
1758, -0.94, 11.71, 4.98, 4.40
1761, -3.01, 11.48, 2.70, 4.43
1763, -4.60, 10.48, 1.12, 4.43
1766, -4.31, 9.85, 1.13, 4.43
1768, -3.41, 8.91, 1.10, 4.43
1771, -2.37, 8.86, 2.28, 4.43
1773, -2.52, 9.41, 4.31, 4.43
1776, -3.21, 9.95, 3.76, 4.43
1778, -3.38, 9.73, 3.94, 4.43
1781, -3.48, 8.48, 3.27, 4.43
1783, -3.47, 8.06, 3.33, 4.43
1786, -3.83, 8.56, 3.62, 4.43
1788, -2.16, 9.82, 3.61, 4.43
1791, -0.15, 12.36, 8.37, 4.43
1793, -3.98, 11.61, -3.22, 4.43
1796, -0.72, 8.73, 6.20, 4.43
1806, -1.04, 9.16, -1.69, 4.43
1808, -1.02, 9.83, -2.16, 4.43
1811, 1.74, 9.18, 1.23, 4.43
1813, 3.01, 8.17, 4.87, 4.43
1816, 3.30, 8.91, 4.56, 4.43
1818, 3.45, 8.27, 5.34, 4.43
1821, 3.76, 8.69, 4.24, 4.43
1823, 3.17, 9.01, 2.57, 4.45
1826, 2.98, 9.50, 4.07, 4.43
1828, 2.38, 8.65, 3.72, 4.43
1831, 2.01, 8.55, 4.36, 4.43
1833, 1.75, 7.97, 3.68, 4.42
1836, 1.55, 8.31, 2.73, 4.43
1838, 1.97, 8.73, 2.43, 4.43
1841, 1.97, 8.78, 2.35, 4.43
1843, 1.81, 9.09, 2.56, 4.43
1846, 1.71, 8.84, 2.36, 4.45
1848, 1.47, 8.31, 2.71, 4.43
1851, 1.19, 7.71, 2.86, 4.43
1853, 1.13, 7.98, 2.57, 4.43
1856, 1.68, 8.65, 3.14, 4.43
1858, 2.04, 9.02, 3.46, 4.43
1861, 2.25, 8.99, 4.26, 4.40
1863, 1.78, 8.81, 4.17, 4.42
1866, 1.46, 8.58, 2.96, 4.43
1868, 1.54, 8.47, 3.58, 4.43
1871, 1.29, 8.16, 3.48, 4.43
1873, 1.37, 8.80, 3.73, 4.43
1876, 1.47, 8.54, 3.53, 4.43
1878, 1.21, 8.62, 3.37, 4.43
1881, 0.75, 8.38, 2.16, 4.45
1883, 0.67, 7.89, 2.82, 4.42
1886, 0.41, 8.31, 2.08, 4.43
1888, 0.31, 8.16, 1.79, 4.43
1891, 0.29, 8.14, 1.88, 4.43
1893, -0.07, 7.98, 2.10, 4.43
1896, 0.14, 8.44, 1.48, 4.43
1898, 0.14, 8.24, 2.16, 4.43
1901, -0.36, 7.59, 1.98, 4.43
1903, -0.13, 7.64, 1.80, 4.43
1906, -0.04, 7.30, 2.88, 4.43
1908, -0.15, 7.86, 2.06, 4.43
1911, 0.74, 7.98, 2.14, 4.43
1913, 0.74, 8.01, 2.86, 4.43
1916, 0.67, 7.88, 1.83, 4.43
1918, 1.20, 7.49, 2.39, 4.43
1921, 1.35, 7.44, 2.71, 4.43
1923, 1.25, 6.85, 2.27, 4.43
1926, 1.93, 7.06, 2.56, 4.43
1928, 1.93, 7.08, 2.68, 4.43
1931, 1.81, 6.40, 1.94, 4.45
1933, 2.35, 6.58, 2.17, 4.43
1936, 2.19, 6.39, 3.00, 4.41
1939, 2.61, 6.29, 3.29, 4.43
1941, 1.85, 6.12, 2.55, 4.43
1943, 1.94, 6.27, 1.48, 4.43
1946, 2.04, 5.95, 2.39, 4.45
1948, 1.55, 6.20, 1.83, 4.43
1951, 1.39, 5.28, 2.52, 4.43
1953, 0.74, 4.96, 1.64, 4.43
1956, 0.83, 5.12, 1.08, 4.43
1958, 0.30, 5.54, -0.12, 4.45
1961, 1.46, 4.89, 2.43, 4.43
1963, 0.37, 4.09, 2.67, 4.40
1966, 0.25, 4.09, 0.16, 4.43
1976, 1.16, 3.59, 1.54, 4.43
1978, 0.84, 3.01, 0.27, 4.43
1981, 0.81, 2.90, 1.26, 4.45
1983, 0.43, 2.64, 1.19, 4.43
1986, 0.48, 2.64, 1.23, 4.43
1988, 0.34, 2.71, 1.62, 4.43
1991, -0.07, 2.52, 0.83, 4.43
1993, -0.28, 2.12, 1.22, 4.43
1996, -0.53, 1.98, 0.55, 4.43
1998, -0.24, 2.16, 0.51, 4.43
2001, -0.25, 1.60, 0.08, 4.43
2003, -0.05, 1.47, 1.05, 4.43
2006, 0.84, 3.15, 1.42, 4.43
2008, -0.19, 6.04, 6.95, 4.43
2011, -1.69, 7.26, 9.72, 4.43
2013, -3.32, 0.06, 2.93, 4.43
2016, -1.75, -2.83, 2.28, 4.43
2018, -1.19, -2.95, -2.61, 4.43
2026, -1.11, -2.65, 1.61, 4.43
2028, -1.61, -1.87, 1.80, 4.43
2031, -0.47, -0.81, 5.49, 4.43
2033, -1.34, -1.78, 3.07, 4.43
2036, -1.40, -3.13, 0.63, 4.43
2038, -1.73, -3.93, -0.74, 4.41
2041, -1.64, -3.99, 1.18, 4.43
2043, -1.23, -6.96, 7.14, 4.43
2046, 1.97, -60.11, 78.48, 4.45
2048, -67.20, -78.48, 25.35, 4.43
2051, 1.84, -13.87, -78.48, 4.43
2053, 23.22, -7.77, -78.48, 4.43
2056, -7.07, 17.84, 2.22, 4.43
2058, 26.60, 56.64, 4.06, 4.43
2061, 22.50, 33.05, 78.48, 4.43
2063, -5.58, 65.91, -78.48, 4.43
2066, -28.38, -53.40, -78.48, 4.42
2068, 60.39, 78.48, -25.22, 4.45
2071, 8.93, -10.73, 55.53, 4.43
2073, -12.98, -38.54, -78.48, 4.43
2076, 2.45, 32.80, 78.48, 4.45
2078, -3.52, -40.52, -58.02, 4.43
2088, 13.33, 29.14, 47.11, 4.43
2091, -1.71, 10.61, 19.05, 4.43
2093, -5.37, -13.94, -20.14, 4.45
2096, 10.91, 19.07, 27.12, 4.43
2098, 5.72, 3.22, -30.80, 4.43
2101, 8.10, -14.20, -20.08, 4.45
2103, 1.76, 11.28, 51.93, 4.43
2106, 9.14, -18.66, -29.58, 4.43
2108, -30.00, 14.04, 21.34, 4.43
2111, 11.52, 14.64, 28.80, 4.43
2113, 4.87, 18.02, -47.52, 4.43
2116, -9.41, 14.61, 30.83, 4.43
2118, -21.64, 2.20, 64.30, 4.43
2121, -19.27, 23.21, 78.48, 4.43
2123, -32.28, -15.25, 27.49, 4.43
2126, -30.15, -0.55, -23.04, 4.45
2128, -16.80, -14.60, 47.52, 4.43
2136, 4.18, -7.74, -33.09, 4.43
2138, 9.37, 23.04, 48.62, 4.43
2141, 3.26, 1.00, -12.74, 4.41
2143, 2.49, 21.72, 23.84, 4.45
2146, -2.66, -15.80, -33.56, 4.43
2148, 3.95, 15.53, 24.53, 4.45
2151, -2.27, -0.69, -19.59, 4.43
2153, 5.87, -4.36, 23.85, 4.45
2156, -5.18, -8.67, -18.32, 4.43
2158, 8.60, -4.12, 16.84, 4.43
2161, -14.61, -35.55, 78.48, 4.43
2163, -19.92, -19.97, 63.15, 4.43
2166, -3.11, 12.49, 16.74, 4.43
2168, -0.27, -4.39, 3.21, 4.40
2178, 3.77, 3.86, 4.16, 4.42
2181, 1.21, -1.45, -16.57, 4.45
2183, -9.74, 7.32, 19.45, 4.43
2186, -8.42, 4.13, 17.60, 4.42
2188, -8.56, -0.46, 43.12, 4.43
2191, -7.10, 0.32, -11.44, 4.45
2193, -2.12, -5.34, -11.64, 4.43
2196, 1.48, 9.59, -2.39, 4.43
2201, 5.48, 14.81, -11.79, 4.43
2203, 3.51, 8.51, 16.23, 4.43
2206, -0.02, 8.79, 19.10, 4.43
2208, -0.58, -2.09, 35.27, 4.43
2211, -5.74, -1.87, 12.32, 4.43
2213, -5.59, 8.89, 30.60, 4.43
2216, -8.32, -0.68, -13.73, 4.43
2218, -4.61, 10.40, 10.44, 4.43
2221, -2.27, 0.87, 0.80, 4.42
2223, 0.71, 5.10, 16.08, 4.45
2226, -4.91, 3.33, 3.82, 4.43
2228, -2.20, 0.36, 5.86, 4.43
2231, -4.39, 0.57, 3.15, 4.43
2233, -3.30, 3.31, 21.27, 4.43
2236, -4.43, -3.29, 25.67, 4.43
2238, -5.26, -8.89, 24.93, 4.43
2241, 2.75, -0.23, -12.77, 4.43
2243, 4.69, 14.30, 1.79, 4.40
2246, 1.36, -4.22, 2.01, 4.45
2248, -0.03, -10.75, 25.30, 4.43
2251, -1.79, -9.26, 12.49, 4.43
2253, 1.08, -1.35, 8.72, 4.43
2256, 2.77, 0.72, -4.88, 4.43
2258, -1.48, 6.30, 12.83, 4.43
2261, -1.83, -5.39, 16.07, 4.43
2263, -2.38, -5.47, 16.16, 4.43
2273, -0.65, 0.01, 6.51, 4.45
2276, -3.41, -3.02, 18.52, 4.43
2278, -2.66, -4.43, 18.01, 4.45
2281, 0.97, -1.51, 8.96, 4.43
2283, -0.26, -2.30, 3.22, 4.43
2286, -0.08, 0.96, 8.97, 4.45
2288, -1.14, -5.91, 7.25, 4.43
2291, -2.24, -3.74, 14.74, 4.43
2293, -1.14, -3.62, 8.91, 4.43
2296, -0.44, -0.29, 6.20, 4.43
2298, -2.23, 1.94, 8.24, 4.43
2301, -2.51, 2.30, 7.29, 4.42
2303, -1.48, -0.99, 14.86, 4.43
2306, -3.89, 0.35, 10.68, 4.43
2308, -2.22, 2.94, 12.67, 4.43
2311, -3.80, 2.32, 5.24, 4.45
2313, -3.81, 3.50, 12.19, 4.43
2316, -4.02, -0.07, 10.13, 4.43
2318, -2.83, 0.59, 11.92, 4.43
2321, -3.82, 0.66, 9.29, 4.43
2323, -3.80, 0.87, 9.37, 4.43
2326, -3.22, 0.02, 8.42, 4.43
2328, -4.03, -1.24, 8.49, 4.43
2331, -3.77, -0.63, 8.90, 4.43
2333, -3.71, -0.73, 7.28, 4.43
2336, -3.69, 0.67, 8.24, 4.43
2338, -4.10, -0.04, 6.94, 4.43
2341, -3.86, 0.45, 8.24, 4.43
2351, 3.00, -11.10, 6.65, 4.43
2353, -0.35, 2.87, -1.94, 4.45
2356, -5.80, 9.76, 16.66, 4.43
2358, -3.70, -3.19, 2.41, 4.43
2361, -0.00, -2.11, 18.49, 4.43
2363, -4.65, 0.16, 6.73, 4.45
2366, 0.46, 12.77, 16.23, 4.43
2368, -1.12, -4.30, 3.00, 4.45
2371, 6.42, 8.80, 27.56, 4.43
2373, -6.79, -2.16, -11.13, 4.40
2376, -3.93, 0.30, 22.76, 4.43
2378, -1.68, -1.08, -1.80, 4.43
2381, 0.63, 0.49, 18.70, 4.45
2383, -3.63, 1.41, 11.42, 4.43
2386, -3.38, -0.72, 9.25, 4.43
2388, -1.37, -0.44, 7.63, 4.43
2391, -2.14, 0.15, 5.32, 4.43
2393, -2.57, 3.20, 15.69, 4.45
2396, -2.24, 0.08, 9.39, 4.43
2398, 0.54, 2.48, 11.12, 4.43
2401, -5.17, -2.18, 6.78, 4.45
2403, -3.76, 1.71, 7.15, 4.43
2406, -2.64, 1.06, 7.73, 4.45
2408, -1.23, 0.68, 8.21, 4.43
2411, -3.00, 0.48, 9.87, 4.43
2413, -4.51, 0.09, 9.02, 4.43
2416, -3.08, 1.04, 8.61, 4.43
2418, -3.03, -1.23, 8.58, 4.43
2421, -2.46, 0.13, 10.65, 4.43
2423, -4.05, -1.99, 8.32, 4.43
2433, -2.43, 0.33, 7.97, 4.43
2436, -1.59, 0.25, 9.84, 4.43
2438, -2.14, 1.14, 9.43, 4.43
2441, -3.09, 0.33, 10.32, 4.43
2443, -2.13, 0.85, 11.06, 4.45
2446, -2.16, -0.23, 8.67, 4.43
2448, -2.08, 0.60, 9.76, 4.40
2451, -3.10, 0.74, 9.16, 4.43
2453, -2.14, 0.97, 10.46, 4.41
2456, -1.13, -1.80, 7.80, 4.43
2458, -2.87, 1.53, 13.51, 4.42
2461, -1.14, -0.57, 9.81, 4.45
2463, -0.18, -1.90, 7.39, 4.43
2466, -1.96, -0.87, 8.27, 4.43
2468, -1.25, -0.71, 9.67, 4.43
2471, -0.20, -1.44, 7.88, 4.43
2473, -1.71, -0.26, 10.28, 4.43
2476, -1.92, 2.12, 10.76, 4.41
2478, -0.65, 0.81, 7.90, 4.43
2481, -1.96, 2.37, 9.68, 4.43
2483, -2.37, 2.11, 11.00, 4.43
2486, -1.26, 0.57, 9.78, 4.42
2488, -1.80, 0.33, 9.70, 4.42
2491, 0.05, 4.38, 6.49, 4.43
2493, 9.01, 6.07, 16.20, 4.43
2496, -8.74, -6.67, 8.95, 4.43
2498, 0.54, 8.07, 4.81, 4.43
2501, 15.77, 15.20, 18.65, 4.43
2503, -7.04, -1.97, 13.46, 4.43
2506, -1.24, 2.62, 8.62, 4.43
2516, -2.55, -0.26, 7.79, 4.45
2518, -1.05, 2.72, 13.37, 4.43
2521, 0.10, -3.69, 5.08, 4.43
2523, -2.26, -4.24, 0.78, 4.42
2526, -5.14, 3.80, 0.17, 4.43
2528, -1.25, 0.97, 7.39, 4.43
2531, -2.69, -2.76, 12.59, 4.43
2533, -3.41, 6.28, 18.71, 4.43
2536, 0.35, 0.24, 5.93, 4.43
2538, -3.25, 2.36, 11.92, 4.43
2541, -3.43, -1.53, 7.89, 4.43
2543, 0.94, -3.11, 7.24, 4.43
2546, -1.18, 2.47, 10.32, 4.43
2548, 0.87, -1.49, 8.21, 4.43
2551, -0.24, 1.50, 10.37, 4.40
2553, -1.68, 0.17, 8.44, 4.43
2556, 0.02, -0.01, 9.97, 4.45
2558, -1.84, 1.35, 10.22, 4.43
2561, -0.24, 0.25, 11.25, 4.43
2563, -1.13, -0.41, 8.44, 4.43
2566, -1.05, 0.64, 11.23, 4.43
2568, -0.27, -1.42, 8.71, 4.43
2571, -1.42, 0.25, 10.75, 4.43
2573, -0.48, -0.46, 9.87, 4.43
2576, -2.66, -0.13, 6.87, 4.43
2578, -2.94, -0.61, 6.51, 4.40
2581, -1.02, -0.36, 11.67, 4.45
2583, -2.31, 1.15, 7.80, 4.43
2586, 0.15, 1.27, 11.52, 4.43
2588, -1.42, 0.25, 10.08, 4.43
2598, -0.91, -0.45, 9.43, 4.43
2601, -1.05, 1.45, 11.64, 4.45
2603, -1.91, -0.59, 8.41, 4.43
2606, -1.27, 0.27, 9.85, 4.45
2608, -2.69, -0.76, 7.78, 4.45
2611, -0.50, 0.78, 10.95, 4.43
2613, -1.51, 0.89, 10.40, 4.43
2616, -1.98, -0.65, 9.01, 4.43
2618, -2.03, 0.27, 9.60, 4.43
2621, -1.19, 0.45, 10.86, 4.43
2623, -1.55, -0.45, 8.96, 4.43
2626, -1.41, 0.85, 10.98, 4.43
2628, -1.55, -0.68, 8.37, 4.43
2631, -1.94, 0.16, 10.30, 4.43
2633, -1.38, 0.23, 8.99, 4.43
2636, -1.24, 0.15, 9.73, 4.43
2638, -1.77, 0.22, 10.12, 4.43
2641, -1.24, 0.30, 9.07, 4.43
2643, -2.41, -0.21, 9.26, 4.43
2646, -2.34, -0.42, 7.58, 4.43
2648, -1.08, 1.14, 10.82, 4.43
2651, -1.44, 0.43, 9.53, 4.45
2653, -1.07, -0.05, 10.32, 4.40
2655, -2.19, -0.61, 9.67, 4.45
2658, -0.99, -0.44, 10.19, 4.45
2661, -1.40, 0.40, 9.19, 4.45
2663, -1.22, -0.48, 9.74, 4.43
2666, -1.23, 0.22, 10.04, 4.43
2673, -1.99, -0.06, 8.88, 4.43
2676, -0.97, -0.09, 9.90, 4.43
2678, -0.85, 0.54, 10.19, 4.43
2680, -1.43, -0.41, 9.07, 4.40
2683, -1.50, -0.36, 9.66, 4.45
2686, -1.17, -0.32, 9.75, 4.43
2688, -1.46, -0.49, 9.42, 4.43
2690, -1.58, -0.34, 9.20, 4.43
2693, -0.69, 0.16, 10.21, 4.45
2695, -0.60, 0.68, 10.40, 4.45
2698, -0.89, 0.18, 9.65, 4.43
2700, -0.38, 0.86, 10.51, 4.43
2703, -0.76, 0.16, 9.72, 4.43
2705, -0.61, 0.48, 10.51, 4.45
2708, -0.97, 0.11, 9.02, 4.43
2710, -0.66, -0.03, 10.35, 4.43
2713, -1.11, -0.09, 9.48, 4.43
2715, -1.15, -0.40, 9.15, 4.43
2718, -1.18, -0.19, 9.86, 4.43
2728, -1.03, -0.15, 9.31, 4.43
2730, -0.35, 0.40, 10.47, 4.43
2733, -0.48, 0.33, 10.18, 4.43
2735, -0.64, 0.27, 9.92, 4.43
2738, -0.57, 0.07, 9.84, 4.43
2740, -0.50, 0.11, 9.87, 4.43
2743, -0.31, -0.03, 10.52, 4.43
2745, -0.07, 0.53, 10.92, 4.43
2748, -0.84, 0.00, 8.99, 4.45
2750, -1.10, -0.60, 8.67, 4.45
2753, -0.18, 0.05, 10.98, 4.43
2755, -0.70, -0.08, 9.58, 4.40
2758, -0.56, -0.20, 9.62, 4.43
2760, -0.83, -0.96, 11.98, 4.45
2763, -0.26, 1.87, 11.05, 4.43
2765, -0.41, -0.48, 9.24, 4.43
2768, -1.35, -1.44, 11.29, 4.43
2770, -0.06, 0.69, 10.00, 4.43
2773, -0.21, 1.03, 8.98, 4.43
2775, -0.60, -0.08, 10.00, 4.45
2778, -0.41, -0.59, 9.55, 4.42
2780, -0.54, -0.12, 10.21, 4.43
2783, 0.06, -0.15, 10.34, 4.41
2785, -0.45, -0.14, 9.14, 4.43
2788, -0.05, -0.29, 10.73, 4.43
2790, -0.21, -0.72, 10.04, 4.43
2800, -0.32, -0.91, 8.96, 4.43
2803, 0.18, -0.34, 12.25, 4.43
2805, -0.07, -0.63, 10.19, 4.43
2808, 0.06, -0.57, 10.10, 4.43
2810, -0.44, -0.93, 9.71, 4.43
2813, 0.07, -0.83, 10.00, 4.43
2815, -0.33, -0.56, 10.48, 4.43
2818, 0.19, -0.23, 10.48, 4.43
2820, -0.42, -0.93, 10.19, 4.43
2823, 0.65, -0.12, 11.01, 4.43
2825, -0.20, -0.52, 10.03, 4.43
2828, -1.06, -0.74, 9.16, 4.45
2830, 0.23, -0.52, 11.37, 4.43
2833, -0.18, -0.34, 10.19, 4.43
2835, -0.40, -0.72, 10.31, 4.43
2838, -0.91, -0.88, 9.68, 4.43
2840, -0.33, -0.55, 10.21, 4.43
2843, -0.45, -0.32, 9.92, 4.43
2845, -0.39, -0.13, 10.25, 4.43
2848, -0.43, -0.15, 10.08, 4.43
2850, -0.61, -0.21, 10.19, 4.43
2853, -0.45, -0.31, 10.25, 4.43
2855, -0.51, -0.04, 10.12, 4.43
2858, -0.41, -0.08, 10.17, 4.40
2868, -0.27, -0.25, 10.30, 4.45
2870, -0.16, 0.06, 9.84, 4.43
2873, -0.33, -0.16, 9.91, 4.43
2875, 0.28, 0.29, 10.44, 4.43
2878, -0.23, -0.12, 9.27, 4.43
2880, 0.57, 0.84, 11.07, 4.43
2883, 0.82, 3.30, 10.74, 4.43
2885, 1.65, 5.48, 10.59, 4.42
2888, 1.23, 4.52, 6.96, 4.43
2890, -0.25, 2.68, 1.71, 4.43
2893, 0.00, 1.78, 2.50, 4.43
2895, 0.27, 1.91, 5.05, 4.45
2898, 1.10, 2.12, 11.58, 4.43
2900, 0.08, 0.53, 12.03, 4.43
2903, 0.11, -0.03, 13.60, 4.43
2905, 0.36, -0.74, 12.33, 4.43
2908, -0.79, -1.10, 9.96, 4.42
2910, -0.15, 0.00, 9.44, 4.43
2913, -0.58, -0.58, 6.88, 4.43
2915, -0.19, -0.81, 10.50, 4.43
2918, -0.07, -0.35, 10.12, 4.42
2920, -0.26, -0.45, 10.17, 4.43
2923, -0.09, -0.73, 10.86, 4.43
2925, -0.54, -0.51, 10.07, 4.43
2928, 0.21, -0.64, 11.12, 4.43
2930, -0.31, -0.50, 9.64, 4.45
2933, -0.41, -0.50, 9.75, 4.42
2935, -1.11, -1.27, 8.83, 4.43
2938, -0.32, -0.47, 11.04, 4.43
2948, -0.69, 0.01, 9.11, 4.43
2950, -0.43, -0.41, 9.22, 4.43
2953, -0.63, -0.51, 10.02, 4.43
2955, -0.10, -0.80, 10.80, 4.45
2958, -0.14, -0.97, 11.58, 4.45
2960, -0.07, -0.89, 13.70, 4.40
2963, -0.27, 1.01, 8.96, 4.43
2965, 0.22, 1.73, 8.29, 4.43
2968, 0.00, 0.36, 9.72, 4.43
2970, 0.97, 2.56, 11.19, 4.43
2973, 0.82, 3.61, 7.04, 4.45
2975, 0.91, 2.24, 6.34, 4.43
2978, -0.01, 0.52, 6.26, 4.43
2980, 0.68, 1.51, 9.14, 4.45
2983, 0.56, 0.91, 9.83, 4.45
2985, 0.23, 0.12, 10.26, 4.43
2988, -0.16, -0.25, 11.55, 4.41
2990, -0.08, -0.21, 11.12, 4.43
2993, -0.56, -0.08, 8.62, 4.43
2995, 0.38, -1.06, 11.24, 4.43
2998, -0.28, -1.34, 9.98, 4.43
3000, 0.60, -0.39, 10.49, 4.43
3003, -0.16, -0.65, 9.64, 4.43
3005, -0.06, -0.75, 9.82, 4.43
3008, 0.14, -0.50, 9.99, 4.43
3010, 0.40, -0.29, 10.54, 4.43
3013, 0.54, -0.81, 10.72, 4.43
3015, -0.06, -0.18, 10.06, 4.43
3018, 0.19, -0.03, 9.99, 4.43
3020, 0.42, -0.43, 10.78, 4.43
3030, 0.84, 0.93, 8.73, 4.45
3033, 0.91, 1.10, 8.68, 4.43
3035, 0.82, 0.95, 9.34, 4.43
3038, 1.09, 1.45, 8.95, 4.43
3040, 0.96, 0.59, 9.27, 4.43
3043, 0.94, 0.90, 9.22, 4.43
3045, 0.84, 0.25, 9.02, 4.45
3048, 0.76, -0.38, 9.73, 4.43
3050, 0.86, -0.68, 10.13, 4.43
3053, 0.57, -0.96, 10.44, 4.45
3055, 0.89, -0.32, 10.75, 4.43
3058, 0.86, -0.73, 9.97, 4.42
3060, 0.67, -0.95, 10.96, 4.43
3063, 0.94, -0.74, 9.92, 4.40
3065, 1.06, -0.65, 9.85, 4.43
3068, 1.17, -0.59, 9.74, 4.43
3070, 1.39, -0.61, 9.88, 4.43
3073, 1.31, -1.18, 9.82, 4.43
3075, 0.96, -0.85, 10.04, 4.43
3078, 1.72, 0.01, 9.96, 4.43
3080, 1.89, -0.25, 9.79, 4.43
3083, 2.10, 0.08, 10.21, 4.43
3085, 2.33, 0.48, 9.69, 4.43
3088, 2.34, 0.54, 9.44, 4.43
3090, 2.23, 0.27, 8.90, 4.42
3093, 1.88, -0.00, 8.96, 4.43
3095, 2.26, -0.16, 9.96, 4.43
3098, 2.29, 0.14, 9.59, 4.43
3100, 2.58, 0.24, 10.07, 4.43
3103, 2.10, -0.28, 9.93, 4.45
3105, 2.51, -0.40, 10.12, 4.45
3108, 2.58, -0.57, 9.79, 4.42
3110, 2.21, -0.18, 10.44, 4.43
3113, 2.49, -0.48, 9.35, 4.43
3115, 2.24, -0.81, 9.65, 4.45
3118, 2.40, -0.40, 9.67, 4.43
3120, 2.05, -0.28, 9.81, 4.45
3123, 1.94, -0.51, 9.12, 4.43
3125, 2.34, -0.60, 9.82, 4.43
3128, 2.17, -0.47, 9.46, 4.41
3130, 2.61, -0.21, 10.05, 4.43
3140, 2.18, -0.15, 9.48, 4.43
3143, 2.34, -0.37, 9.50, 4.42
3145, 2.32, -0.20, 9.61, 4.43
3148, 2.64, 0.29, 10.12, 4.43
3150, 2.54, 0.25, 10.07, 4.43
3153, 2.51, 0.08, 9.87, 4.43
3155, 2.57, 0.16, 9.85, 4.43
3158, 1.99, 0.34, 9.65, 4.45
3160, 2.25, -0.27, 9.26, 4.43
3163, 2.01, 0.31, 8.90, 4.43
3165, 2.11, -0.35, 9.20, 4.40
3168, 2.04, -0.32, 9.71, 4.43
3170, 2.19, 0.21, 8.86, 4.42
3173, 2.16, 0.18, 9.33, 4.45
3175, 2.10, 0.06, 9.11, 4.43
3178, 2.15, -0.02, 9.19, 4.43
3180, 2.06, -0.05, 9.25, 4.45
3183, 2.22, 0.17, 9.41, 4.43
3185, 2.14, 0.12, 9.10, 4.43
3188, 2.05, 0.01, 9.47, 4.43
3190, 2.00, -0.04, 9.37, 4.43
3193, 2.05, 0.06, 9.40, 4.38
3195, 1.99, -0.01, 8.89, 4.43
3198, 2.13, 0.10, 9.30, 4.45
3200, 2.06, -0.07, 9.14, 4.43
3203, 2.27, -0.07, 9.29, 4.42
3205, 2.17, -0.13, 9.03, 4.43
3208, 2.22, -0.13, 9.19, 4.43
3210, 2.21, -0.23, 8.93, 4.45
3213, 2.28, -0.15, 9.10, 4.45
3215, 2.25, -0.25, 9.01, 4.43
3218, 2.33, -0.24, 9.09, 4.43
3220, 2.32, -0.32, 9.11, 4.43
3223, 2.44, -0.31, 9.26, 4.43
3225, 4.83, -5.97, 11.64, 4.43
3228, 0.82, -7.66, 36.28, 4.43
3230, -0.08, -3.39, -4.24, 4.43
3233, 0.10, 1.36, 0.40, 4.43
3235, 2.15, -1.31, 1.28, 4.43
3238, 1.24, -7.81, 18.32, 4.43
3240, 3.76, -12.79, 19.77, 4.43
3243, 2.06, 1.88, 5.28, 4.43
3245, 1.03, -6.19, 7.59, 4.43
3255, 5.65, 0.25, 18.82, 4.43
3258, 4.76, 2.00, 15.10, 4.45
3260, 2.36, 0.44, 4.37, 4.43
3263, 3.54, -0.74, 11.73, 4.43
3265, 2.84, -0.84, 8.30, 4.43
3268, 3.75, 0.13, 7.29, 4.40
3270, 3.37, 0.22, 4.45, 4.43
3273, 3.40, 0.61, 6.70, 4.42
3275, 3.96, -1.01, 7.42, 4.43
3278, 4.05, -0.51, 8.65, 4.43
3280, 4.64, -0.25, 9.05, 4.42
3283, 5.00, 0.59, 10.61, 4.45
3285, 4.26, 0.03, 8.31, 4.43
3288, 4.09, -0.29, 7.71, 4.43
3290, 3.95, -0.70, 7.31, 4.43
3293, 4.35, -0.67, 8.79, 4.43
3295, 4.01, -0.47, 7.56, 4.42
3298, 4.17, -1.84, 10.07, 4.43
3300, 3.80, -1.92, 20.55, 4.43
3303, 3.67, -4.69, 5.15, 4.43
3305, 3.76, -2.72, 4.50, 4.43
3308, 5.90, -4.47, 9.32, 4.43
3310, 4.30, -1.15, 4.53, 4.43
3313, 4.46, 0.50, 4.90, 4.43
3315, 3.42, -0.98, 7.20, 4.43
3318, 5.20, -4.90, 8.18, 4.43
3320, 4.33, -2.08, 8.57, 4.43
3323, 4.71, -1.99, 7.36, 4.43
3325, 4.55, -0.85, 8.94, 4.45
3328, 4.60, 0.34, 4.95, 4.45
3330, 5.77, -0.30, 7.21, 4.43
3333, 6.13, -0.74, 9.04, 4.43
3335, 6.21, -0.50, 8.73, 4.45
3338, 5.70, 0.49, 6.35, 4.43
3340, 6.25, 0.27, 8.29, 4.42
3343, 6.32, -0.33, 7.59, 4.43
3345, 6.11, -0.95, 8.25, 4.43
3348, 6.21, 0.36, 5.65, 4.43
3350, 5.93, 0.22, 6.75, 4.43
3353, 3.83, -1.15, 4.25, 4.45
3355, 6.15, -2.78, 8.51, 4.43
3358, 5.19, -1.95, 3.87, 4.43
3365, 5.69, -1.35, 5.00, 4.45
3368, 6.93, -3.35, 13.08, 4.43
3370, 5.72, -1.45, 8.15, 4.40
3373, 5.69, -2.38, 7.33, 4.43
3375, 3.96, -1.71, 4.54, 4.42
3378, 5.67, -1.97, 6.27, 4.43
3380, 7.00, -0.82, 11.47, 4.43
3383, 5.34, -2.36, 5.35, 4.43
3385, 5.43, -1.73, 4.16, 4.43
3388, 14.96, -5.53, 5.03, 4.43
3390, 20.70, -11.96, 8.99, 4.45
3393, 5.67, -0.99, 12.07, 4.43
3395, 4.72, -1.24, -2.29, 4.43
3398, 8.51, -1.83, 6.08, 4.43
3400, 10.43, -5.32, 8.86, 4.43
3403, 11.77, -5.76, 11.57, 4.43
3405, 7.59, -2.37, 0.36, 4.43
3408, 4.58, -0.52, 6.43, 4.45
3410, 4.94, 1.81, 6.22, 4.43
3413, 9.17, -1.72, 7.85, 4.43
3415, 6.75, -2.19, 4.88, 4.43
3418, 4.85, -0.29, 8.96, 4.42
3428, 6.28, 0.78, 7.47, 4.45
3430, 6.05, 2.04, 6.52, 4.43
3433, 6.38, 0.46, 5.63, 4.43
3435, 7.92, -4.93, 10.11, 4.43
3438, 6.98, -4.08, 9.78, 4.43
3440, 4.64, 0.46, 6.67, 4.43
3443, 5.62, -1.23, 4.39, 4.45
3445, 4.00, -2.03, 3.84, 4.43
3448, 4.34, -5.17, -0.92, 4.43
3450, 5.40, -4.42, 4.92, 4.43
3453, 3.60, -1.17, 6.99, 4.43
3455, 5.01, 0.13, 5.00, 4.43
3458, 5.93, -1.83, 4.35, 4.45
3460, 6.63, -2.77, 6.89, 4.43
3463, 5.64, -1.78, 5.18, 4.43
3465, 6.81, 2.45, 13.43, 4.43
3468, -6.23, 12.27, 7.64, 4.43
3470, 6.62, -2.71, -6.45, 4.43
3473, 5.32, -12.30, 5.52, 4.40
3475, 6.43, 10.82, 12.09, 4.43
3478, 3.19, -3.62, -5.06, 4.45
3480, 8.06, -3.06, 9.50, 4.43
3483, 7.65, -2.74, 8.81, 4.43
3485, 7.95, -3.42, 3.22, 4.43
3488, 11.75, -7.70, -9.47, 4.43
3490, 15.02, -4.87, -3.98, 4.43
3493, 13.48, -3.08, 1.07, 4.43
3495, 12.42, -3.26, 3.02, 4.43
3498, 13.23, -3.96, -3.14, 4.43
3500, 10.67, -4.33, -1.25, 4.42
3503, 11.01, -4.37, -0.54, 4.43
3505, 11.61, -2.39, -3.23, 4.43
3515, 11.86, -4.48, 3.33, 4.43
3518, 13.76, -5.27, 1.83, 4.43
3520, 14.61, -5.45, 2.17, 4.43
3523, 14.42, -4.90, 1.59, 4.43
3525, 12.63, -3.51, 1.77, 4.45
3528, 10.27, -2.23, 2.20, 4.43
3530, 8.58, -2.11, 0.32, 4.43
3533, 7.25, -1.46, -1.77, 4.45
3535, 8.03, -0.79, -2.76, 4.43
3538, 8.69, -1.49, -1.98, 4.43
3540, 8.15, -3.15, 3.21, 4.43
3543, 12.67, -11.96, -1.77, 4.43
3545, 11.72, -4.13, -4.72, 4.45
3548, 6.96, -1.94, 5.88, 4.43
3550, 2.77, 2.36, 4.65, 4.43
3553, 4.28, -3.33, -1.74, 4.43
3555, 8.99, -9.05, -4.28, 4.43
3558, 16.16, 7.17, 19.46, 4.43
3560, 5.18, -3.70, 4.32, 4.43
3563, 4.94, -2.38, -1.51, 4.42
3565, 7.13, -1.03, 0.77, 4.43
3568, 13.80, -1.28, -6.97, 4.43
3570, 18.75, -3.82, -12.11, 4.43
3573, 17.60, -4.50, 0.14, 4.43
3575, 17.49, -5.31, 2.26, 4.40
3578, 17.75, -4.46, -1.06, 4.43
3580, 18.33, -3.65, 1.15, 4.43
3590, 10.75, -4.37, 28.10, 4.43
3593, 12.47, 0.07, -6.34, 4.43
3595, 13.21, -5.26, 1.58, 4.45
3598, 13.25, -6.80, -2.35, 4.45
3600, 14.53, -4.69, 2.39, 4.43
3603, 12.94, -3.40, -1.88, 4.43
3605, 10.54, -3.24, -0.82, 4.43
3608, 7.49, -2.09, -3.29, 4.43
3610, 6.94, -0.73, -0.58, 4.45
3613, 6.90, -1.37, -1.74, 4.45
3615, 8.60, -2.34, -2.25, 4.43
3618, 8.61, -2.96, -2.24, 4.43
3620, 8.72, -2.13, -0.85, 4.43
3623, 9.59, -1.73, 0.73, 4.43
3625, 10.41, -2.21, -0.84, 4.43
3628, 10.94, -2.65, -1.94, 4.43
3630, 10.74, -2.52, -1.10, 4.43
3633, 10.87, -2.31, -0.11, 4.43
3635, 10.46, -2.21, -0.68, 4.43
3638, 10.00, -2.39, -1.69, 4.43
3640, 8.95, -2.16, -2.64, 4.43
3643, 9.01, -2.39, -2.15, 4.42
3645, 9.20, -2.74, -2.36, 4.43
3648, 9.56, -2.75, -2.17, 4.45
3658, 9.77, -2.54, -1.67, 4.42
3660, 9.47, -2.63, -2.07, 4.43
3663, 9.63, -2.53, -1.20, 4.45
3665, 9.85, -2.80, -1.82, 4.43
3668, 9.65, -2.88, -1.64, 4.43
3670, 9.55, -2.79, -1.45, 4.43
3673, 9.87, -2.87, -1.12, 4.45
3675, 10.34, -3.14, -1.61, 4.43
3678, 10.60, -3.25, -1.81, 4.40
3680, 10.14, -3.11, -1.43, 4.43
3683, 9.47, -2.78, -1.26, 4.43
3685, 9.81, -2.85, -1.61, 4.43
3688, 9.92, -2.94, -2.07, 4.43
3690, 9.92, -2.87, -1.71, 4.43
3693, 9.42, -2.84, -1.35, 4.43
3695, 9.27, -2.59, -1.28, 4.43
3698, 9.42, -2.75, -1.80, 4.43
3700, 9.38, -2.91, -1.90, 4.43
3703, 9.39, -2.75, -1.36, 4.42
3705, 9.21, -2.60, -1.00, 4.43
3708, 9.10, -2.51, -1.33, 4.43
3710, 9.26, -2.68, -1.76, 4.45
3713, 9.17, -2.62, -1.43, 4.43
3715, 8.98, -2.21, -0.85, 4.43
3718, 8.86, -2.37, -1.40, 4.45
3720, 9.04, -2.67, -1.69, 4.43
3730, 9.29, -2.38, -0.58, 4.45
3733, 9.10, -2.00, -1.07, 4.45
3735, 8.98, -2.09, -1.23, 4.43
3738, 9.17, -2.41, -0.84, 4.43
3740, 9.18, -1.66, -1.21, 4.45
3743, 8.71, -1.83, -1.23, 4.42
3745, 8.87, -1.89, -1.44, 4.45
3748, 9.11, -2.22, -1.37, 4.43
3750, 9.21, -2.42, -1.66, 4.43
3753, 9.60, -2.12, -1.11, 4.43
3755, 9.51, -2.31, -0.79, 4.43
3758, 9.26, -1.95, -2.54, 4.43
3760, 9.88, -2.18, -2.57, 4.43
3763, 10.48, -2.27, -1.48, 4.42
3765, 10.17, -2.45, -1.51, 4.43
3768, 10.00, -2.23, -1.76, 4.43
3770, 10.02, -2.24, -1.61, 4.43
3773, 10.04, -2.22, -1.53, 4.45
3775, 9.66, -2.18, -2.17, 4.45
3778, 9.18, -2.14, -2.74, 4.43
3780, 9.06, -2.12, -2.51, 4.40
3783, 9.97, -1.89, -0.42, 4.43
3785, 11.48, -2.44, 0.06, 4.43
3788, 8.95, -2.08, -5.20, 4.43
3790, 7.36, -1.58, -5.82, 4.43
3793, 8.37, -1.62, 0.01, 4.43
3800, 9.20, -2.28, -4.02, 4.43
3803, 10.23, -2.27, -0.68, 4.42
3805, 10.59, -2.35, 0.31, 4.42
3808, 10.77, -2.48, -1.47, 4.42
3810, 10.00, -2.42, -2.96, 4.43
3813, 9.32, -2.10, -2.92, 4.43
3815, 9.17, -2.05, -2.01, 4.43
3818, 9.35, -2.05, -1.86, 4.43
3820, 9.79, -2.20, -1.37, 4.43
3823, 9.83, -2.31, -2.12, 4.43
3825, 9.70, -2.22, -1.97, 4.43
3828, 9.58, -2.20, -1.50, 4.43
3830, 9.57, -2.22, -1.18, 4.43
3833, 9.53, -2.09, -1.58, 4.43
3835, 9.41, -2.17, -1.65, 4.43
3838, 9.02, -2.03, -2.03, 4.43
3840, 8.54, -1.86, -2.53, 4.43
3850, 10.48, -2.25, -0.46, 4.43
3853, 9.83, -2.16, -2.06, 4.45
3855, 9.37, -2.21, -2.66, 4.43
3858, 9.14, -2.00, -2.57, 4.43
3860, 9.27, -1.93, -1.75, 4.45
3863, 9.37, -2.00, -1.96, 4.43
3865, 9.42, -2.10, -2.00, 4.43
3868, 9.35, -2.24, -2.25, 4.43
3870, 9.56, -2.28, -2.09, 4.45
3873, 9.90, -2.34, -1.64, 4.43
3875, 9.96, -2.59, -2.01, 4.43
3878, 9.83, -2.60, -2.37, 4.43
3880, 9.67, -2.63, -2.55, 4.43
3883, 9.70, -2.69, -2.28, 4.40
3885, 9.85, -2.65, -1.87, 4.43
3888, 9.88, -2.78, -1.26, 4.45
3890, 9.64, -2.70, -1.40, 4.43
3893, 9.79, -2.43, -1.62, 4.43
3895, 9.83, -2.49, -1.52, 4.43
3898, 9.77, -2.49, -1.73, 4.43
3900, 9.69, -2.53, -1.78, 4.43
3903, 9.63, -2.50, -1.50, 4.43
3905, 9.52, -2.45, -1.92, 4.43
3908, 9.64, -2.48, -1.75, 4.42
3910, 9.67, -2.62, -1.68, 4.43
3913, 9.58, -2.64, -1.44, 4.45
3915, 9.59, -2.57, -1.34, 4.43
3925, 9.37, -2.52, -1.46, 4.45
3928, 9.30, -2.50, -1.54, 4.43
3930, 9.28, -2.49, -1.48, 4.43
3933, 9.34, -2.51, -1.36, 4.43
3935, 9.30, -2.51, -1.40, 4.43
3938, 9.36, -2.48, -1.38, 4.43
3940, 9.56, -2.48, -1.39, 4.43
3943, 9.54, -2.54, -1.41, 4.43
3945, 9.64, -2.58, -1.40, 4.43
3948, 9.70, -2.53, -1.50, 4.43
3950, 9.68, -2.56, -1.48, 4.43
3953, 9.71, -2.61, -1.51, 4.43
3955, 9.70, -2.63, -1.33, 4.43
3958, 9.62, -2.55, -1.43, 4.43
3960, 9.53, -2.51, -1.37, 4.43
3963, 9.50, -2.49, -1.35, 4.43
3965, 9.40, -2.46, -1.33, 4.45
3968, 9.36, -2.43, -1.25, 4.43
3970, 9.24, -2.37, -1.14, 4.43
3973, 9.07, -2.40, -0.93, 4.43
3975, 8.98, -2.34, -0.94, 4.42
3978, 8.95, -2.37, -0.89, 4.43
3980, 8.93, -2.39, -0.88, 4.43
3983, 8.94, -2.33, -0.96, 4.43
3985, 9.04, -2.38, -1.06, 4.40
3988, 9.19, -2.38, -1.18, 4.43
3990, 9.27, -2.45, -1.24, 4.45
4000, 9.48, -2.46, -1.41, 4.43
4003, 9.56, -2.48, -1.45, 4.45
4005, 9.46, -2.65, -1.51, 4.45
4008, 9.34, -2.49, -1.72, 4.43
4010, 9.45, -2.47, -1.37, 4.42
4013, 9.61, -2.52, -1.27, 4.43
4015, 9.87, -2.64, -1.19, 4.43
4018, 9.79, -2.56, -1.47, 4.45
4020, 9.69, -2.57, -1.36, 4.43
4028, 9.27, -2.40, -1.62, 4.43
4030, 8.88, -2.37, -1.96, 4.43
4033, 9.08, -2.32, -1.58, 4.45
4035, 9.86, -2.64, -0.21, 4.43
4038, 10.11, -2.66, 0.01, 4.43
4040, 9.84, -2.55, -1.21, 4.43
4043, 9.66, -2.50, -2.00, 4.43
4045, 9.81, -2.56, -1.35, 4.43
4048, 9.71, -2.57, -1.56, 4.43
4050, 9.36, -2.53, -2.26, 4.43
4053, 9.29, -2.47, -2.22, 4.43
4055, 9.44, -2.51, -1.62, 4.43
4058, 9.56, -2.56, -1.26, 4.43
4060, 9.70, -2.56, -1.12, 4.43
4063, 9.77, -2.56, -1.04, 4.43
4065, 9.63, -2.51, -1.34, 4.45
4068, 9.57, -2.51, -1.55, 4.42
4070, 9.50, -2.51, -1.64, 4.45
4073, 9.60, -2.42, -1.58, 4.45
4075, 9.57, -2.45, -1.47, 4.45
4078, 9.53, -2.56, -1.47, 4.43
4080, 9.60, -2.49, -1.37, 4.45
4083, 9.71, -2.56, -1.18, 4.45
4085, 9.72, -2.61, -1.26, 4.42
4088, 9.79, -2.67, -1.05, 4.43
4090, 10.00, -2.69, -0.91, 4.43
4093, 9.73, -2.60, -1.40, 4.43
4095, 9.27, -2.56, -2.27, 4.43
4098, 9.20, -2.48, -2.11, 4.43
4100, 9.27, -2.56, -1.64, 4.45
4103, 9.26, -2.49, -1.35, 4.43
4105, 9.07, -2.42, -1.41, 4.43
4115, 9.35, -2.41, -1.10, 4.43
4118, 9.20, -2.44, -1.49, 4.43
4120, 9.26, -2.47, -1.43, 4.45
4123, 9.36, -2.50, -1.26, 4.43
4125, 9.44, -2.49, -1.21, 4.45
4128, 9.53, -2.49, -1.22, 4.43
4130, 9.54, -2.52, -1.19, 4.43
4133, 9.71, -2.50, -1.10, 4.43
4135, 9.63, -2.55, -1.34, 4.43
4138, 9.61, -2.53, -1.54, 4.43
4140, 9.55, -2.49, -1.37, 4.43
4143, 9.36, -2.46, -1.29, 4.43
4145, 9.45, -2.63, -1.36, 4.43
4148, 9.36, -2.38, -1.29, 4.45
4150, 9.59, -2.43, -1.17, 4.43
4153, 9.94, -2.32, -0.68, 4.43
4155, 9.41, -2.55, -0.77, 4.43
4158, 8.72, -2.42, -2.66, 4.43
4160, 9.43, -2.40, -1.02, 4.43
4163, 10.45, -2.64, 0.30, 4.43
4165, 10.15, -2.59, -0.53, 4.45
4168, 9.02, -2.53, -3.05, 4.43
4170, 8.77, -2.34, -2.52, 4.43
4173, 9.19, -2.16, -1.62, 4.43
4175, 9.57, -2.28, -0.58, 4.43
4178, 9.36, -2.34, -1.25, 4.42
4180, 9.24, -2.22, -1.41, 4.43
4190, 9.46, -2.71, -1.26, 4.43
4193, 9.42, -2.66, -1.30, 4.43
4195, 9.31, -2.62, -1.20, 4.43
4198, 9.41, -2.57, -1.23, 4.45
4200, 9.34, -2.51, -1.09, 4.43
4203, 9.43, -2.47, -0.95, 4.43
4205, 9.54, -2.54, -0.56, 4.43
4208, 9.57, -2.59, -0.60, 4.43
4210, 9.56, -2.53, -0.71, 4.43
4213, 9.56, -2.47, -1.26, 4.43
4215, 9.74, -2.45, -1.15, 4.42
4218, 9.76, -2.58, -1.27, 4.42
4220, 9.70, -2.61, -1.23, 4.43
4223, 9.69, -2.57, -1.37, 4.43
4225, 9.64, -2.48, -1.25, 4.43
4228, 9.73, -2.25, -1.17, 4.43
4230, 10.19, -1.93, -1.06, 4.43
4233, 10.08, -2.18, -1.28, 4.43
4235, 9.81, -2.66, -1.13, 4.43
4238, 9.49, -2.98, -1.12, 4.45
4240, 9.15, -2.87, -1.45, 4.43
4243, 9.09, -2.79, -1.67, 4.42
4245, 9.05, -2.74, -2.16, 4.43
4248, 9.24, -2.56, -2.02, 4.45
4250, 9.25, -2.53, -1.78, 4.45
4253, 9.25, -2.68, -1.44, 4.45
4263, 9.67, -2.71, -1.06, 4.43
4265, 9.91, -2.49, -0.92, 4.43
4268, 9.78, -2.40, -0.96, 4.43
4270, 9.89, -2.41, -1.14, 4.43
4273, 9.72, -2.31, -1.24, 4.45
4275, 9.62, -2.33, -1.14, 4.43
4278, 9.30, -2.64, -1.23, 4.43
4280, 9.25, -2.58, -1.17, 4.43
4283, 9.20, -2.81, -0.67, 4.42
4285, 9.29, -2.92, -0.47, 4.43
4288, 9.45, -2.75, -0.43, 4.43
4290, 9.62, -2.57, -0.50, 4.43
4293, 9.60, -2.49, -0.75, 4.39
4295, 9.77, -2.32, -0.83, 4.43
4298, 9.74, -2.24, -1.26, 4.43
4300, 9.60, -2.26, -1.26, 4.45
4303, 9.56, -2.37, -1.19, 4.43
4305, 9.57, -2.42, -1.00, 4.43
4308, 9.52, -2.39, -1.06, 4.43
4310, 9.51, -2.39, -0.99, 4.43
4313, 9.63, -2.37, -0.86, 4.43
4315, 9.60, -2.36, -0.93, 4.43
4318, 9.60, -2.32, -1.08, 4.43
4320, 9.63, -2.34, -1.19, 4.43
4323, 9.52, -2.41, -1.03, 4.43
4325, 9.48, -2.57, -0.98, 4.43
4328, 9.46, -2.45, -0.96, 4.43
4338, 9.60, -2.47, -0.90, 4.43
4340, 9.64, -2.46, -0.97, 4.43
4343, 9.64, -2.35, -0.93, 4.43
4345, 9.67, -2.40, -0.98, 4.45
4348, 9.65, -2.39, -1.01, 4.43
4350, 9.64, -2.30, -1.06, 4.43
4353, 9.62, -2.42, -0.98, 4.43
4355, 9.72, -2.29, -1.14, 4.45
4358, 9.67, -2.41, -1.03, 4.43
4360, 9.64, -2.44, -1.23, 4.43
4363, 9.58, -2.47, -1.30, 4.43
4365, 9.66, -2.43, -1.28, 4.43
4368, 9.60, -2.39, -1.08, 4.43
4370, 9.57, -2.40, -1.16, 4.43
4373, 9.60, -2.40, -1.24, 4.45
4375, 9.31, -2.05, -1.04, 4.43
4378, 9.56, -2.79, -1.25, 4.43
4380, 9.59, -2.55, -1.35, 4.43
4383, 9.57, -2.57, -0.88, 4.43
4385, 9.57, -2.27, -1.45, 4.43
4388, 9.38, -2.53, -0.75, 4.43
4390, 9.46, -2.70, -1.30, 4.43
4392, 9.73, -2.80, -0.15, 4.43
4395, 9.74, -2.72, 0.08, 4.40
4398, 9.77, -2.33, -0.30, 4.43
4400, 9.90, -2.11, -0.94, 4.43
4403, 9.76, -2.29, -1.08, 4.43
4413, 9.27, -2.66, -1.11, 4.43
4415, 9.38, -2.66, -1.05, 4.43
4418, 9.41, -2.56, -0.85, 4.42
4420, 9.58, -2.46, -0.75, 4.42
4423, 9.62, -2.35, -0.86, 4.43
4425, 9.77, -2.25, -1.01, 4.43
4428, 9.69, -2.28, -0.97, 4.43
4430, 9.75, -2.25, -0.86, 4.43
4433, 9.64, -2.36, -1.01, 4.43
4435, 9.58, -2.51, -1.00, 4.43
4438, 9.54, -2.51, -0.83, 4.43
4440, 9.54, -2.44, -0.82, 4.45
4443, 9.53, -2.46, -0.98, 4.43
4445, 9.53, -2.45, -1.03, 4.43
4447, 9.59, -2.50, -0.90, 4.43
4450, 9.55, -2.42, -0.95, 4.43
4453, 9.54, -2.36, -1.04, 4.43
4455, 9.52, -2.40, -1.00, 4.43
4457, 9.57, -2.40, -0.92, 4.43
4460, 9.57, -2.42, -0.96, 4.43
4463, 9.52, -2.46, -0.91, 4.43
4465, 9.61, -2.36, -1.04, 4.43
4467, 9.52, -2.40, -1.08, 4.43
4470, 9.57, -2.37, -1.06, 4.45
4472, 9.58, -2.43, -1.00, 4.45
4475, 9.54, -2.42, -0.90, 4.43
4478, 9.54, -2.39, -0.91, 4.43
4488, 9.63, -2.38, -0.93, 4.43
4490, 9.62, -2.39, -0.97, 4.43
4492, 9.57, -2.44, -0.95, 4.43
4495, 9.63, -2.44, -0.84, 4.43
4498, 9.61, -2.39, -0.97, 4.40
4500, 9.58, -2.45, -0.89, 4.43
4502, 9.70, -2.40, -0.86, 4.43
4505, 9.64, -2.35, -0.87, 4.43
4507, 9.55, -2.44, -0.92, 4.43
4510, 9.61, -2.42, -0.88, 4.43
4512, 9.57, -2.43, -0.95, 4.43
4515, 9.66, -2.38, -0.96, 4.43
4517, 9.53, -2.34, -0.94, 4.43
4520, 9.58, -2.38, -0.88, 4.43
4522, 9.51, -2.43, -0.89, 4.42
4525, 9.51, -2.34, -0.96, 4.42
4527, 9.49, -2.30, -0.97, 4.43
4530, 9.57, -2.34, -1.03, 4.45
4532, 9.51, -2.40, -1.01, 4.45
4535, 9.49, -2.36, -1.09, 4.43
4537, 9.45, -2.37, -1.08, 4.43
4540, 9.44, -2.39, -1.03, 4.42
4542, 9.47, -2.39, -0.94, 4.43
4545, 9.45, -2.35, -0.96, 4.43
4555, 9.43, -2.35, -1.02, 4.43
4557, 9.56, -2.36, -0.99, 4.43
4560, 9.47, -2.34, -0.98, 4.43
4562, 9.58, -2.30, -0.96, 4.43
4565, 9.53, -2.38, -0.91, 4.43
4567, 9.54, -2.46, -0.72, 4.43
4570, 9.57, -2.51, -0.71, 4.43
4572, 9.66, -2.54, -0.76, 4.43
4575, 9.64, -2.44, -0.70, 4.43
4577, 9.65, -2.39, -0.85, 4.43
4580, 9.63, -2.38, -0.94, 4.43
4582, 9.54, -2.37, -0.89, 4.43
4585, 9.57, -2.51, -0.95, 4.43
4587, 9.49, -2.43, -1.00, 4.43
4590, 9.40, -2.49, -1.04, 4.43
4592, 9.45, -2.47, -1.06, 4.43
4595, 9.51, -2.46, -0.93, 4.43
4597, 9.56, -2.43, -0.89, 4.43
4600, 9.49, -2.40, -0.90, 4.40
4602, 9.49, -2.41, -0.93, 4.43
4605, 9.47, -2.48, -0.99, 4.42
4607, 9.55, -2.48, -1.09, 4.45
4610, 9.53, -2.42, -1.08, 4.43
4612, 9.55, -2.41, -1.12, 4.44
4615, 9.52, -2.42, -1.05, 4.43
4617, 9.52, -2.44, -0.95, 4.45
4627, 9.66, -2.33, -0.79, 4.43
4630, 9.62, -2.42, -0.71, 4.45
4632, 9.72, -2.27, -0.84, 4.43
4635, 9.64, -2.38, -0.79, 4.43
4637, 9.67, -2.36, -1.05, 4.43
4640, 9.71, -2.40, -0.85, 4.43
4642, 9.66, -2.41, -0.70, 4.43
4645, 9.69, -2.37, -0.72, 4.43
4647, 9.60, -2.45, -0.87, 4.43
4650, 9.76, -2.27, -0.83, 4.43
4652, 9.86, -2.33, -0.57, 4.43
4655, 9.73, -2.37, -1.02, 4.43
4657, 9.82, -2.07, -0.89, 4.43
4660, 9.48, -2.68, -0.64, 4.43
4662, 9.90, -2.34, -0.14, 4.43
4665, 9.57, -2.49, -0.86, 4.43
4667, 9.76, -2.28, -0.86, 4.43
4670, 9.77, -2.46, -0.69, 4.43
4672, 9.98, -2.19, -0.67, 4.43
4675, 9.69, -2.18, -1.31, 4.45
4677, 9.87, -2.12, -1.11, 4.42
4680, 9.72, -2.20, -1.18, 4.45
4682, 9.81, -2.15, -0.96, 4.43
4685, 9.67, -2.16, -1.03, 4.43
4687, 9.96, -2.06, -1.01, 4.45
4690, 9.24, -2.74, -0.29, 4.43
4692, 9.64, -2.48, -0.48, 4.43
4702, 9.66, -2.38, -0.40, 4.40
4705, 9.87, -2.31, -0.48, 4.42
4707, 9.80, -2.25, -0.66, 4.43
4710, 9.75, -2.21, -0.57, 4.43
4712, 9.75, -2.16, -0.62, 4.43
4715, 9.73, -2.27, -0.44, 4.45
4717, 9.78, -2.34, -0.52, 4.43
4720, 9.60, -2.31, -0.56, 4.45
4722, 9.71, -2.39, -0.52, 4.45
4725, 9.66, -2.32, -0.38, 4.43
4727, 9.55, -2.42, -0.31, 4.42
4730, 9.41, -2.49, -0.33, 4.43
4732, 9.40, -2.62, -0.24, 4.45
4735, 9.42, -2.56, -0.34, 4.43
4737, 9.40, -2.61, -0.39, 4.45
4740, 9.52, -2.57, -0.46, 4.45
4742, 9.44, -2.43, -0.30, 4.45
4745, 9.54, -2.43, -0.21, 4.43
4747, 9.62, -2.35, -0.18, 4.43
4750, 9.67, -2.18, -0.14, 4.43
4752, 9.83, -2.19, -0.21, 4.45
4755, 9.79, -2.14, -0.23, 4.43
4757, 9.76, -2.16, -0.37, 4.43
4760, 9.69, -2.11, -0.43, 4.43
4762, 9.70, -2.13, -0.35, 4.43
4765, 9.55, -2.24, -0.34, 4.45
4767, 9.49, -2.36, -0.30, 4.43
4777, 9.58, -2.41, -0.10, 4.42
4780, 9.65, -2.38, -0.17, 4.43
4782, 9.62, -2.27, -0.21, 4.43
4785, 9.67, -2.26, -0.24, 4.43
4787, 9.61, -2.23, -0.25, 4.43
4790, 9.65, -2.28, -0.19, 4.43
4792, 9.62, -2.21, -0.17, 4.45
4795, 9.69, -2.27, -0.24, 4.43
4797, 9.75, -2.16, -0.24, 4.43
4800, 9.70, -2.17, -0.29, 4.43
4802, 9.71, -2.20, -0.33, 4.43
4805, 9.71, -2.14, -0.31, 4.40
4807, 9.64, -2.24, -0.31, 4.43
4810, 9.60, -2.26, -0.29, 4.43
4812, 9.59, -2.25, -0.21, 4.43
4815, 9.52, -2.27, -0.24, 4.43
4817, 9.41, -2.39, -0.15, 4.43
4820, 9.41, -2.40, -0.17, 4.42
4822, 9.52, -2.47, -0.21, 4.43
4825, 9.49, -2.47, -0.19, 4.43
4827, 9.47, -2.45, -0.27, 4.43
4830, 9.53, -2.31, -0.27, 4.42
4832, 9.55, -2.32, -0.40, 4.43
4835, 9.56, -2.28, -0.43, 4.43
4837, 9.57, -2.38, -0.14, 4.43
4840, 9.63, -2.38, -0.06, 4.43
4842, 9.56, -2.38, 0.09, 4.43
4845, 9.72, -2.31, 0.00, 4.43
4855, 9.72, -2.11, -0.26, 4.43
4857, 9.73, -2.22, -0.12, 4.43
4860, 9.70, -2.31, -0.15, 4.45
4862, 9.54, -2.35, -0.12, 4.43
4865, 9.54, -2.42, -0.08, 4.43
4867, 9.56, -2.45, 0.00, 4.43
4870, 9.57, -2.34, -0.11, 4.43
4872, 9.59, -2.28, -0.17, 4.43
4875, 9.63, -2.34, -0.31, 4.45
4877, 9.67, -2.32, -0.30, 4.45
4880, 9.66, -2.36, -0.32, 4.43
4882, 9.65, -2.30, -0.35, 4.45
4885, 9.71, -2.28, -0.26, 4.45
4887, 9.65, -2.31, -0.31, 4.43
4890, 9.65, -2.30, -0.24, 4.45
4892, 9.72, -2.38, -0.25, 4.43
4895, 9.75, -2.31, -0.31, 4.43
0, -100.00, -100.00, -100.00, -100.00
