Acc conf(10), Acc range(2), Power conf(1), Power ctrl(4), Dummy(2)
Time(ms), accelX(m/s2), accelY(m/s2), accelZ(m/s2), batteryVoltage(V)
12.0,-0.62,9.44,2.76,4.17
12.0,-0.62,9.44,2.76,4.17
15.0,-0.58,9.4,2.79,4.17
17.0,-0.61,9.4,2.91,4.14
20.0,-0.63,9.26,2.86,4.17
22.0,-0.56,9.4,2.63,4.2
25.0,-0.61,9.16,2.87,4.17
27.0,-0.49,9.39,2.71,4.17
30.0,-0.55,9.42,3.0,4.17
32.0,-0.46,9.28,3.28,4.18
35.0,-0.6,9.29,2.77,4.19
37.0,-0.48,9.49,3.25,4.17
40.0,-0.59,9.28,2.75,4.17
42.0,-0.57,9.44,2.86,4.17
45.0,-0.6,9.42,3.15,4.15
47.0,-0.48,9.25,3.62,4.17
50.0,-0.6,9.38,2.72,4.17
52.0,-0.76,9.27,2.74,4.17
55.0,-0.76,9.49,2.24,4.17
57.0,-0.73,9.46,3.13,4.17
60.0,-0.7,9.41,3.45,4.19
62.0,-0.8,9.36,2.85,4.19
65.0,-0.68,9.69,2.7,4.17
67.0,-0.84,9.35,2.79,4.17
70.0,-0.58,9.54,2.98,4.17
72.0,-0.69,9.27,2.81,4.18
75.0,-0.7,9.34,2.64,4.19
77.0,-0.58,9.39,2.91,4.17
80.0,-0.61,9.35,2.66,4.19
82.0,-0.63,9.42,2.73,4.19
85.0,-0.64,9.49,2.6,4.17
87.0,-0.66,9.38,2.7,4.17
90.0,-0.67,9.44,2.74,4.17
92.0,-0.56,9.32,2.73,4.19
95.0,-0.48,9.29,2.63,4.17
97.0,-0.6,9.32,2.66,4.19
100.0,-0.56,9.3,2.64,4.17
102.0,-0.6,9.3,2.48,4.19
105.0,-0.58,9.39,2.57,4.17
107.0,-0.53,9.45,2.59,4.18
110.0,-0.52,9.41,2.64,4.19
112.0,-0.53,9.35,2.46,4.17
115.0,-0.48,9.34,2.42,4.17
117.0,-0.48,9.33,2.55,4.17
120.0,-0.52,9.38,2.46,4.14
122.0,-0.5,9.4,2.51,4.17
125.0,-0.49,9.36,2.55,4.17
127.0,-0.54,9.37,2.61,4.17
130.0,-0.54,9.33,2.49,4.17
132.0,-0.54,9.32,2.43,4.19
135.0,-0.65,9.4,2.55,4.19
137.0,-0.74,9.47,2.48,4.19
140.0,-0.78,9.45,2.46,4.19
142.0,-0.8,9.48,2.48,4.19
145.0,-0.75,9.5,2.45,4.17
147.0,-0.84,9.43,2.59,4.15
150.0,-0.86,9.38,2.52,4.17
152.0,-0.89,9.44,2.42,4.17
155.0,-0.86,9.41,2.5,4.17
157.0,-0.84,9.43,2.52,4.17
160.0,-0.9,9.41,2.36,4.17
162.0,-0.84,9.48,2.39,4.19
165.0,-0.74,9.5,2.39,4.17
167.0,-0.78,9.5,2.46,4.17
170.0,-0.84,9.46,2.44,4.19
172.0,-0.79,9.48,2.4,4.17
175.0,-0.76,9.46,2.37,4.2
185.0,-0.7,9.48,2.42,4.17
187.0,-0.58,9.48,2.5,4.17
190.0,-0.59,9.43,2.55,4.17
192.0,-0.61,9.43,2.54,4.17
195.0,-0.63,9.46,2.47,4.17
197.0,-0.6,9.41,2.51,4.17
199.0,-0.66,9.47,2.52,4.19
202.0,-0.59,9.38,2.49,4.17
204.0,-0.62,9.41,2.43,4.19
207.0,-0.63,9.41,2.54,4.17
209.0,-0.52,9.47,2.48,4.19
212.0,-0.53,9.42,2.55,4.17
214.0,-0.51,9.44,2.44,4.18
217.0,-0.53,9.42,2.39,4.17
219.0,-0.58,9.49,2.2,4.17
222.0,-0.62,9.39,2.46,4.14
224.0,-0.62,9.5,2.73,4.19
227.0,-0.54,9.6,2.61,4.18
229.0,-0.63,9.5,2.42,4.18
232.0,-0.57,9.5,2.34,4.17
234.0,-0.59,9.44,2.16,4.17
237.0,-0.54,9.37,2.17,4.17
239.0,-0.58,9.41,2.23,4.19
242.0,-0.51,9.42,2.23,4.17
244.0,-0.47,9.41,2.29,4.17
247.0,-0.51,9.45,2.3,4.17
249.0,-0.54,9.41,2.3,4.14
252.0,-0.49,9.5,2.28,4.12
254.0,-0.48,9.55,2.36,4.17
257.0,-0.51,9.57,2.21,4.19
259.0,-0.62,9.57,2.4,4.17
262.0,-0.57,9.58,2.28,4.17
264.0,-0.59,9.52,2.39,4.17
267.0,-0.51,9.51,2.38,4.17
269.0,-0.54,9.47,2.43,4.17
272.0,-0.48,9.5,2.46,4.19
274.0,-0.47,9.44,2.46,4.17
277.0,-0.5,9.44,2.38,4.17
279.0,-0.54,9.42,2.43,4.19
282.0,-0.56,9.48,2.4,4.19
284.0,-0.49,9.53,2.41,4.19
287.0,-0.55,9.49,2.4,4.19
289.0,-0.6,9.59,2.28,4.17
292.0,-0.57,9.54,2.39,4.19
294.0,-0.55,9.56,2.34,4.19
297.0,-0.68,9.52,2.4,4.17
299.0,-0.54,9.59,2.36,4.19
302.0,-0.49,9.55,2.27,4.19
304.0,-0.58,9.48,2.35,4.17
307.0,-0.57,9.48,2.34,4.17
309.0,-0.62,9.52,2.32,4.17
312.0,-0.57,9.46,2.35,4.17
314.0,-0.65,9.49,2.29,4.17
317.0,-0.64,9.5,2.32,4.17
319.0,-0.66,9.49,2.35,4.19
322.0,-0.62,9.47,2.38,4.17
324.0,-0.61,9.43,2.32,4.14
327.0,-0.7,9.41,2.34,4.19
329.0,-0.7,9.43,2.33,4.19
332.0,-0.69,9.45,2.27,4.19
334.0,-0.67,9.44,2.28,4.17
337.0,-0.67,9.41,2.32,4.17
339.0,-0.68,9.43,2.28,4.17
342.0,-0.68,9.4,2.25,4.17
344.0,-0.73,9.36,2.27,4.17
354.0,-0.68,9.36,2.22,4.19
357.0,-0.73,9.41,2.24,4.18
359.0,-0.68,9.4,2.26,4.19
362.0,-0.72,9.39,2.19,4.17
364.0,-0.71,9.44,2.29,4.19
367.0,-0.72,9.34,2.26,4.17
369.0,-0.77,9.36,2.2,4.17
372.0,-0.74,9.39,2.23,4.19
374.0,-0.74,9.36,2.19,4.19
377.0,-0.7,9.37,2.19,4.17
379.0,-0.72,9.38,2.17,4.17
382.0,-0.77,9.43,2.22,4.19
384.0,-0.72,9.44,2.12,4.17
387.0,-0.77,9.43,2.15,4.17
389.0,-0.78,9.42,2.12,4.17
392.0,-0.77,9.43,2.16,4.17
394.0,-0.81,9.41,2.2,4.19
397.0,-0.82,9.48,2.17,4.17
399.0,-0.79,9.45,2.24,4.17
402.0,-0.86,9.45,2.19,4.17
404.0,-0.84,9.47,2.16,4.18
407.0,-0.8,9.45,2.19,4.17
409.0,-0.86,9.46,2.16,4.19
412.0,-0.86,9.45,2.18,4.17
414.0,-0.84,9.46,2.19,4.17
417.0,-0.88,9.46,2.18,4.17
419.0,-0.89,9.47,2.19,4.17
422.0,-0.87,9.44,2.19,4.19
424.0,-0.95,9.45,2.27,4.17
427.0,-0.93,9.52,2.17,4.14
429.0,-0.87,9.49,2.21,4.17
432.0,-0.91,9.51,2.2,4.19
436.0,-0.93,9.54,2.21,4.17
439.0,-0.95,9.47,2.25,4.19
441.0,-0.83,9.49,2.28,4.17
444.0,-0.86,9.42,2.18,4.17
446.0,-0.87,9.47,2.17,4.19
449.0,-0.85,9.44,2.29,4.17
451.0,-0.91,9.43,2.24,4.17
454.0,-1.01,9.41,2.28,4.14
456.0,-0.96,9.42,2.32,4.17
459.0,-1.01,9.48,2.21,4.17
461.0,-1.07,9.52,2.23,4.19
464.0,-1.07,9.52,2.22,4.19
466.0,-1.17,9.52,2.2,4.17
469.0,-1.18,9.53,2.25,4.18
471.0,-1.08,9.51,2.24,4.17
474.0,-1.24,9.49,2.28,4.2
476.0,-1.2,9.48,2.28,4.19
479.0,-1.2,9.51,2.23,4.19
481.0,-1.15,9.53,2.27,4.17
484.0,-1.19,9.47,2.23,4.17
486.0,-1.21,9.47,2.2,4.17
489.0,-1.2,9.49,2.24,4.17
491.0,-1.23,9.52,2.31,4.17
494.0,-1.26,9.52,2.22,4.17
496.0,-1.24,9.5,2.26,4.17
499.0,-1.28,9.48,2.25,4.17
501.0,-1.22,9.46,2.25,4.17
504.0,-1.26,9.42,2.22,4.18
506.0,-1.21,9.44,2.28,4.17
509.0,-1.21,9.38,2.29,4.17
511.0,-1.24,9.42,2.23,4.17
514.0,-1.27,9.32,2.3,4.19
516.0,-1.23,9.4,2.37,4.17
519.0,-1.3,9.42,2.34,4.19
521.0,-1.29,9.41,2.24,4.2
524.0,-1.29,9.34,2.38,4.19
526.0,-1.31,9.36,2.34,4.19
529.0,-1.36,9.41,2.36,4.15
531.0,-1.27,9.36,2.36,4.17
534.0,-1.33,9.44,2.42,4.17
536.0,-1.41,9.38,2.37,4.17
539.0,-1.41,9.36,2.41,4.19
541.0,-1.31,9.42,2.4,4.19
544.0,-1.43,9.4,2.42,4.19
546.0,-1.5,9.39,2.31,4.19
549.0,-1.49,9.46,2.34,4.17
551.0,-1.47,9.48,2.38,4.19
554.0,-1.55,9.49,2.32,4.17
556.0,-1.51,9.54,2.34,4.14
559.0,-1.54,9.5,2.34,4.17
561.0,-1.57,9.52,2.39,4.17
564.0,-1.6,9.53,2.4,4.17
566.0,-1.54,9.6,2.41,4.2
569.0,-1.58,9.58,2.42,4.17
571.0,-1.58,9.57,2.38,4.17
574.0,-1.52,9.62,2.44,4.19
576.0,-1.6,9.66,2.47,4.19
579.0,-1.56,9.56,2.51,4.17
581.0,-1.58,9.51,2.48,4.17
591.0,-1.6,9.57,2.45,4.19
594.0,-1.69,9.57,2.43,4.2
596.0,-1.64,9.61,2.5,4.17
599.0,-1.55,9.58,2.51,4.17
601.0,-1.54,9.61,2.47,4.17
604.0,-1.48,9.64,2.41,4.17
606.0,-1.53,9.71,2.46,4.17
609.0,-1.5,9.7,2.5,4.19
611.0,-1.46,9.74,2.42,4.19
614.0,-1.54,9.78,2.48,4.16
616.0,-1.55,9.75,2.45,4.17
619.0,-1.5,9.77,2.47,4.17
621.0,-1.48,9.74,2.46,4.17
624.0,-1.54,9.7,2.43,4.17
626.0,-1.61,9.77,2.48,4.19
629.0,-1.58,9.73,2.53,4.17
631.0,-1.56,9.7,2.54,4.15
634.0,-1.61,9.74,2.49,4.19
636.0,-1.51,9.78,2.5,4.17
639.0,-1.62,9.75,2.51,4.18
641.0,-1.56,9.76,2.5,4.17
644.0,-1.53,9.75,2.45,4.17
646.0,-1.6,9.69,2.41,4.17
649.0,-1.55,9.74,2.46,4.17
651.0,-1.58,9.75,2.35,4.17
654.0,-1.54,9.73,2.4,4.17
656.0,-1.57,9.67,2.4,4.17
658.0,-1.56,9.73,2.42,4.14
661.0,-1.54,9.73,2.28,4.19
664.0,-1.57,9.67,2.39,4.17
666.0,-1.59,9.61,2.34,4.17
668.0,-1.65,9.66,2.48,4.17
671.0,-1.66,9.65,2.42,4.17
673.0,-1.77,9.67,2.42,4.17
676.0,-1.69,9.63,2.38,4.17
678.0,-1.77,9.62,2.38,4.19
681.0,-1.79,9.58,2.34,4.19
683.0,-1.77,9.59,2.33,4.17
686.0,-1.8,9.56,2.42,4.17
688.0,-1.83,9.53,2.4,4.19
691.0,-1.79,9.53,2.44,4.17
693.0,-1.82,9.58,2.44,4.17
696.0,-1.82,9.57,2.23,4.17
698.0,-1.82,9.52,2.3,4.19
701.0,-1.78,9.4,2.34,4.17
703.0,-1.83,9.37,2.5,4.17
706.0,-1.83,9.37,2.48,4.19
708.0,-1.81,9.33,2.5,4.17
711.0,-1.81,9.49,2.46,4.17
713.0,-1.88,9.48,2.32,4.19
716.0,-1.85,9.46,2.39,4.19
718.0,-1.89,9.46,2.31,4.17
721.0,-1.92,9.38,2.37,4.19
723.0,-1.78,9.4,2.46,4.18
726.0,-1.92,9.35,2.44,4.17
728.0,-1.79,9.33,2.42,4.19
731.0,-1.73,9.36,2.42,4.18
733.0,-1.74,9.38,2.4,4.17
736.0,-1.75,9.34,2.32,4.17
738.0,-1.83,9.35,2.36,4.17
741.0,-1.77,9.35,2.24,4.17
743.0,-1.79,9.33,2.3,4.19
746.0,-1.78,9.36,2.31,4.19
748.0,-1.81,9.3,2.21,4.17
751.0,-1.74,9.28,2.26,4.17
753.0,-1.77,9.27,2.21,4.17
756.0,-1.76,9.26,2.21,4.19
758.0,-1.83,9.23,2.19,4.17
761.0,-1.73,9.25,2.24,4.14
763.0,-1.73,9.13,2.18,4.17
773.0,-1.72,9.18,2.32,4.17
776.0,-1.73,9.27,2.21,4.19
778.0,-1.69,9.3,2.25,4.17
781.0,-1.73,9.27,2.24,4.17
783.0,-1.78,9.24,2.31,4.17
786.0,-1.76,9.29,2.22,4.19
788.0,-1.72,9.24,2.27,4.19
791.0,-1.71,9.28,2.28,4.17
793.0,-1.73,9.28,2.18,4.19
796.0,-1.78,9.3,2.27,4.19
798.0,-1.82,9.29,2.39,4.19
801.0,-1.75,9.34,2.37,4.19
803.0,-1.78,9.29,2.39,4.17
806.0,-1.89,9.35,2.32,4.17
808.0,-1.79,9.34,2.35,4.17
811.0,-1.8,9.41,2.37,4.17
813.0,-1.78,9.38,2.34,4.19
816.0,-1.85,9.45,2.36,4.19
818.0,-1.79,9.37,2.43,4.19
821.0,-1.78,9.39,2.33,4.19
823.0,-1.71,9.41,2.38,4.19
826.0,-1.72,9.47,2.34,4.17
828.0,-1.69,9.48,2.4,4.17
831.0,-1.66,9.48,2.37,4.19
833.0,-1.74,9.49,2.47,4.17
836.0,-1.69,9.55,2.37,4.17
838.0,-1.6,9.47,2.48,4.16
841.0,-1.66,9.58,2.48,4.17
843.0,-1.59,9.57,2.51,4.18
846.0,-1.56,9.59,2.42,4.19
848.0,-1.56,9.69,2.45,4.17
851.0,-1.6,9.67,2.48,4.17
853.0,-1.55,9.61,2.52,4.17
856.0,-1.49,9.62,2.57,4.19
858.0,-1.4,9.64,2.48,4.17
861.0,-1.4,9.7,2.28,4.17
863.0,-1.45,9.76,2.34,4.15
866.0,-1.42,9.75,2.49,4.17
868.0,-1.3,9.77,2.47,4.19
871.0,-1.36,9.81,2.45,4.17
873.0,-1.32,9.7,2.38,4.17
876.0,-1.33,9.75,2.37,4.17
878.0,-1.34,9.73,2.44,4.17
881.0,-1.34,9.7,2.43,4.17
883.0,-1.37,9.73,2.44,4.17
886.0,-1.32,9.82,2.41,4.19
888.0,-1.31,9.77,2.44,4.17
891.0,-1.32,9.72,2.37,4.19
893.0,-1.36,9.79,2.33,4.17
896.0,-1.26,9.7,2.31,4.17
898.0,-1.27,9.67,2.43,4.19
901.0,-1.3,9.65,2.3,4.19
903.0,-1.25,9.7,2.23,4.2
905.0,-1.21,9.59,2.24,4.17
908.0,-1.26,9.65,2.31,4.19
910.0,-1.26,9.61,2.23,4.17
913.0,-1.3,9.62,2.27,4.19
915.0,-1.25,9.6,2.22,4.17
918.0,-1.26,9.53,2.25,4.19
920.0,-1.3,9.52,2.29,4.17
923.0,-1.28,9.53,2.31,4.18
925.0,-1.29,9.55,2.31,4.19
928.0,-1.37,9.52,2.31,4.19
930.0,-1.35,9.5,2.32,4.17
933.0,-1.29,9.53,2.27,4.17
935.0,-1.37,9.47,2.4,4.19
938.0,-1.36,9.38,2.35,4.17
940.0,-1.33,9.44,2.39,4.16
950.0,-1.44,9.42,2.33,4.17
953.0,-1.48,9.47,2.33,4.19
955.0,-1.41,9.52,2.35,4.17
958.0,-1.41,9.47,2.32,4.17
960.0,-1.43,9.51,2.3,4.17
963.0,-1.39,9.49,2.31,4.17
965.0,-1.39,9.48,2.31,4.16
968.0,-1.38,9.48,2.35,4.17
970.0,-1.37,9.53,2.29,4.17
973.0,-1.4,9.49,2.32,4.17
975.0,-1.41,9.5,2.34,4.17
978.0,-1.4,9.52,2.31,4.17
980.0,-1.42,9.49,2.27,4.17
983.0,-1.44,9.42,2.34,4.17
985.0,-1.42,9.45,2.38,4.17
988.0,-1.46,9.49,2.29,4.19
990.0,-1.48,9.46,2.34,4.17
993.0,-1.51,9.41,2.36,4.19
995.0,-1.49,9.47,2.34,4.19
998.0,-1.51,9.4,2.24,4.17
1000.0,-1.5,9.4,2.28,4.19
1003.0,-1.52,9.38,2.26,4.17
1005.0,-1.47,9.44,2.35,4.19
1008.0,-1.45,9.35,2.31,4.17
1010.0,-1.48,9.39,2.38,4.17
1013.0,-1.5,9.39,2.36,4.17
1015.0,-1.56,9.41,2.3,4.17
1018.0,-1.46,9.35,2.42,4.17
1020.0,-1.5,9.38,2.39,4.17
1023.0,-1.52,9.35,2.33,4.17
1025.0,-1.52,9.33,2.45,4.19
1028.0,-1.56,9.29,2.44,4.19
1030.0,-1.55,9.3,2.4,4.17
1033.0,-1.54,9.23,2.37,4.17
1035.0,-1.57,9.24,2.4,4.17
1038.0,-1.51,9.21,2.4,4.17
1040.0,-1.56,9.21,2.4,4.17
1043.0,-1.57,9.26,2.52,4.15
1045.0,-1.57,9.22,2.48,4.17
1048.0,-1.54,9.25,2.35,4.19
1050.0,-1.5,9.32,2.32,4.19
1053.0,-1.48,9.26,2.44,4.17
1055.0,-1.51,9.28,2.53,4.19
1058.0,-1.46,9.25,2.43,4.2
1060.0,-1.48,9.26,2.45,4.17
1063.0,-1.4,9.26,2.4,4.17
1073.0,-1.39,9.26,2.51,4.19
1075.0,-1.39,9.29,2.47,4.17
1078.0,-1.45,9.33,2.55,4.17
1080.0,-1.29,9.32,2.64,4.17
1083.0,-1.43,9.3,2.58,4.17
1085.0,-1.37,9.31,2.62,4.2
1088.0,-1.35,9.3,2.57,4.17
1090.0,-1.32,9.35,2.56,4.17
1093.0,-1.31,9.39,2.6,4.19
1095.0,-1.3,9.4,2.61,4.17
1098.0,-1.28,9.45,2.7,4.19
1100.0,-1.24,9.51,2.6,4.17
1103.0,-1.36,9.59,2.64,4.19
1105.0,-1.3,9.65,2.67,4.18
1108.0,-1.28,9.68,2.63,4.19
1110.0,-1.29,9.76,2.51,4.17
1113.0,-1.27,9.82,2.61,4.19
1115.0,-1.26,9.83,2.65,4.19
1118.0,-1.25,9.9,2.64,4.17
1120.0,-1.23,9.92,2.6,4.17
1123.0,-1.26,10.04,2.59,4.17
1125.0,-1.24,10.06,2.55,4.18
1128.0,-1.17,10.1,2.53,4.19
1130.0,-1.21,10.09,2.55,4.17
1132.0,-1.12,10.15,2.53,4.17
1135.0,-1.14,10.22,2.58,4.19
1137.0,-1.06,10.24,2.63,4.17
1140.0,-1.13,10.23,2.62,4.17
1142.0,-1.06,10.31,2.48,4.17
1145.0,-1.01,10.4,2.49,4.16
1147.0,-1.04,10.44,2.55,4.16
1150.0,-1.0,10.47,2.52,4.17
1152.0,-1.01,10.5,2.47,4.19
1162.0,-1.08,10.6,2.51,4.19
1165.0,-1.1,10.58,2.46,4.17
1167.0,-1.14,10.54,2.42,4.19
1170.0,-1.11,10.57,2.46,4.16
1172.0,-1.17,10.61,2.38,4.17
1175.0,-1.16,10.67,2.37,4.19
1177.0,-1.04,10.63,2.37,4.19
1180.0,-1.13,10.69,2.38,4.17
1182.0,-1.1,10.68,2.47,4.17
1185.0,-1.16,10.62,2.5,4.17
1187.0,-1.21,10.56,2.42,4.19
1190.0,-1.23,10.55,2.25,4.17
1192.0,-1.32,10.49,2.4,4.19
1195.0,-1.31,10.46,2.4,4.17
1197.0,-1.32,10.48,2.39,4.17
1200.0,-1.35,10.47,2.36,4.17
1202.0,-1.39,10.38,2.38,4.17
1205.0,-1.39,10.42,2.38,4.19
1207.0,-1.44,10.37,2.39,4.17
1210.0,-1.5,10.4,2.41,4.17
1212.0,-1.55,10.35,2.37,4.19
1215.0,-1.44,10.29,2.34,4.17
1217.0,-1.53,10.33,2.37,4.17
1220.0,-1.6,10.24,2.35,4.17
1222.0,-1.6,10.23,2.32,4.17
1225.0,-1.58,10.17,2.36,4.17
1235.0,-1.66,10.05,2.39,4.19
1237.0,-1.61,9.96,2.32,4.19
1240.0,-1.65,9.9,2.32,4.17
1242.0,-1.65,9.82,2.26,4.17
1245.0,-1.67,9.87,2.36,4.17
1247.0,-1.6,9.85,2.37,4.15
1250.0,-1.62,9.76,2.33,4.19
1252.0,-1.53,9.75,2.44,4.17
1255.0,-1.6,9.67,2.39,4.17
1257.0,-1.74,9.58,2.38,4.17
1260.0,-1.68,9.59,2.35,4.17
1262.0,-1.57,9.5,2.42,4.19
1265.0,-1.59,9.45,2.47,4.19
1267.0,-1.58,9.42,2.47,4.17
1270.0,-1.63,9.39,2.44,4.19
1272.0,-1.73,9.27,2.51,4.17
1275.0,-1.72,9.26,2.4,4.17
1277.0,-1.62,9.14,2.42,4.19
1280.0,-1.57,9.04,2.41,4.19
1282.0,-1.47,9.03,2.5,4.19
1285.0,-1.54,9.07,2.4,4.17
1287.0,-1.59,8.98,2.38,4.17
1290.0,-1.56,8.83,2.32,4.17
1292.0,-1.54,8.77,2.35,4.17
1295.0,-1.46,8.71,2.34,4.17
1297.0,-1.4,8.6,2.31,4.17
1300.0,-1.42,8.58,2.36,4.17
1302.0,-1.42,8.46,2.4,4.17
1305.0,-1.37,8.48,2.36,4.17
1307.0,-1.44,8.4,2.4,4.17
1310.0,-1.38,8.32,2.38,4.17
1312.0,-1.36,8.34,2.41,4.19
1315.0,-1.37,8.23,2.44,4.17
1317.0,-1.31,8.27,2.53,4.17
1327.0,-1.11,8.09,2.46,4.19
1330.0,-1.09,8.04,2.45,4.17
1332.0,-1.07,7.99,2.45,4.17
1335.0,-1.12,8.05,2.38,4.19
1337.0,-1.06,8.05,2.4,4.17
1340.0,-1.0,8.06,2.27,4.19
1342.0,-1.02,8.05,2.34,4.17
1345.0,-1.07,8.05,2.27,4.17
1347.0,-1.03,8.06,2.18,4.17
1349.0,-1.15,8.01,2.16,4.15
1352.0,-1.0,8.05,2.31,4.17
1355.0,-1.11,8.02,2.17,4.17
1357.0,-0.98,8.0,2.2,4.19
1359.0,-1.01,8.04,2.22,4.19
1362.0,-0.96,8.12,2.22,4.18
1364.0,-0.96,8.05,2.24,4.17
1367.0,-0.88,8.21,2.17,4.17
1369.0,-0.98,8.18,2.27,4.17
1372.0,-0.99,8.24,2.25,4.17
1374.0,-0.93,8.28,2.21,4.16
1377.0,-0.93,8.28,2.2,4.17
1379.0,-0.96,8.34,2.19,4.19
1382.0,-0.87,8.44,2.23,4.17
1384.0,-0.95,8.44,2.24,4.18
1387.0,-0.87,8.43,2.27,4.17
1389.0,-0.93,8.55,2.22,4.17
1392.0,-0.86,8.6,2.26,4.19
1394.0,-0.85,8.58,2.21,4.2
1397.0,-0.9,8.67,2.21,4.19
1399.0,-0.84,8.76,2.1,4.17
1402.0,-0.85,8.83,2.25,4.18
1404.0,-0.75,8.76,2.31,4.19
1407.0,-0.76,8.84,2.28,4.19
1409.0,-0.7,9.0,2.34,4.17
1412.0,-0.69,9.03,2.41,4.17
1414.0,-0.61,9.02,2.38,4.17
1417.0,-0.63,9.15,2.34,4.19
1427.0,-0.72,9.26,2.47,4.17
1429.0,-0.72,9.3,2.49,4.19
1432.0,-0.69,9.3,2.49,4.19
1434.0,-0.73,9.41,2.41,4.17
1437.0,-0.77,9.34,2.39,4.19
1439.0,-0.81,9.46,2.45,4.18
1442.0,-0.75,9.46,2.44,4.17
1444.0,-0.74,9.51,2.46,4.19
1447.0,-0.8,9.45,2.46,4.2
1449.0,-0.77,9.42,2.47,4.17
1452.0,-0.77,9.39,2.46,4.15
1454.0,-0.69,9.4,2.46,4.17
1457.0,-0.71,9.44,2.44,4.19
1459.0,-0.7,9.44,2.45,4.18
1462.0,-0.8,9.43,2.35,4.17
1464.0,-0.72,9.41,2.43,4.19
1467.0,-0.74,9.41,2.43,4.19
1469.0,-0.8,9.47,2.46,4.17
1472.0,-0.84,9.41,2.55,4.17
1474.0,-0.87,9.39,2.52,4.17
1477.0,-0.78,9.36,2.57,4.17
1479.0,-0.8,9.39,2.64,4.17
1482.0,-0.85,9.35,2.59,4.19
1484.0,-0.84,9.36,2.69,4.19
1487.0,-0.81,9.4,2.73,4.19
1489.0,-0.78,9.43,2.78,4.17
1492.0,-0.78,9.33,2.73,4.18
1494.0,-0.77,9.36,2.82,4.17
1497.0,-0.8,9.36,2.78,4.17
1499.0,-0.83,9.34,2.81,4.17
1502.0,-0.82,9.33,2.85,4.2
1504.0,-0.88,9.29,2.81,4.2
1507.0,-0.92,9.3,2.76,4.17
1509.0,-0.87,9.3,2.79,4.19
1519.0,-1.0,9.19,2.84,4.17
1522.0,-0.91,9.18,2.81,4.19
1524.0,-0.94,9.24,2.81,4.19
1527.0,-0.93,9.2,2.74,4.17
1529.0,-0.76,9.25,2.8,4.17
1532.0,-0.79,9.17,2.82,4.19
1534.0,-0.75,9.19,2.92,4.17
1537.0,-0.75,9.18,2.85,4.17
1539.0,-0.73,9.09,2.93,4.17
1542.0,-0.7,9.05,3.04,4.17
1544.0,-0.57,9.12,3.07,4.17
1547.0,-0.6,9.13,3.13,4.19
1549.0,-0.53,9.08,3.19,4.19
1552.0,-0.47,9.1,3.33,4.17
1554.0,-0.47,9.07,3.32,4.19
1557.0,-0.37,9.04,3.4,4.19
1559.0,-0.42,9.12,3.44,4.17
1562.0,-0.32,9.17,3.51,4.18
1564.0,-0.32,9.07,3.51,4.19
1567.0,-0.26,9.08,3.59,4.17
1569.0,-0.33,9.08,3.6,4.19
1572.0,-0.4,9.13,3.56,4.19
1574.0,-0.36,9.21,3.69,4.17
1577.0,-0.4,9.23,3.65,4.18
1579.0,-0.45,9.23,3.63,4.15
1582.0,-0.41,9.27,3.68,4.17
1584.0,-0.42,9.24,3.69,4.17
1587.0,-0.45,9.23,3.68,4.17
1589.0,-0.4,9.3,3.75,4.19
1591.0,-0.34,9.22,3.74,4.17
1594.0,-0.3,9.29,3.86,4.19
1597.0,-0.35,9.42,3.94,4.19
1599.0,-0.25,9.42,3.9,4.17
1601.0,-0.19,9.56,3.89,4.17
1604.0,-0.18,9.6,4.05,4.19
1606.0,-0.12,9.77,4.05,4.18
1609.0,-0.06,9.93,4.1,4.17
1611.0,-0.1,9.96,4.17,4.17
1621.0,0.2,10.26,4.28,4.2
1624.0,0.22,10.45,4.27,4.17
1626.0,0.29,10.46,4.39,4.18
1629.0,0.39,10.61,4.47,4.17
1631.0,0.45,10.82,4.44,4.17
1634.0,0.55,10.98,4.28,4.19
1636.0,0.59,11.14,4.16,4.18
1639.0,0.63,11.36,3.99,4.2
1641.0,0.72,11.59,3.88,4.17
1644.0,0.74,11.7,3.72,4.17
1646.0,0.73,11.83,3.65,4.19
1649.0,0.79,12.01,3.5,4.18
1651.0,0.84,12.08,3.39,4.17
1654.0,0.82,12.15,3.4,4.19
1656.0,0.9,12.22,3.19,4.14
1659.0,0.99,12.17,3.13,4.17
1661.0,1.16,12.18,2.97,4.19
1664.0,1.33,12.1,2.99,4.17
1666.0,1.31,12.17,2.75,4.19
1669.0,1.48,12.07,2.84,4.17
1671.0,1.46,12.08,2.75,4.17
1674.0,1.43,12.19,2.5,4.17
1676.0,1.75,12.8,1.96,4.19
1679.0,1.71,11.8,2.79,4.17
1681.0,1.74,11.13,2.57,4.15
1684.0,1.65,11.59,1.77,4.16
1686.0,1.65,11.65,1.87,4.17
1689.0,1.66,10.97,2.25,4.17
1691.0,1.72,11.11,1.92,4.17
1694.0,1.73,11.18,1.69,4.2
1696.0,1.77,11.09,1.66,4.19
1699.0,1.83,10.96,2.03,4.17
1701.0,1.59,10.42,2.75,4.19
1704.0,1.52,10.96,1.5,4.2
1706.0,1.62,11.39,0.49,4.18
1709.0,2.3,11.45,-0.13,4.17
1711.0,1.46,9.51,3.84,4.17
1714.0,1.53,11.02,1.26,4.17
1724.0,1.8,11.19,1.01,4.17
1726.0,1.78,11.01,0.87,4.17
1729.0,1.67,10.82,0.91,4.19
1731.0,1.57,10.63,0.84,4.17
1734.0,1.5,10.49,0.79,4.19
1736.0,1.38,10.35,0.63,4.17
1739.0,1.29,10.16,0.62,4.19
1741.0,1.11,9.87,0.58,4.19
1744.0,1.01,9.6,0.5,4.17
1746.0,1.01,9.33,0.69,4.17
1749.0,0.85,8.99,0.89,4.19
1751.0,0.91,8.61,0.85,4.17
1754.0,0.78,8.36,0.76,4.17
1756.0,0.88,8.0,0.9,4.19
1759.0,0.82,7.61,0.88,4.14
1761.0,0.8,7.25,0.92,4.17
1764.0,0.76,6.96,1.14,4.19
1766.0,0.67,6.6,1.18,4.18
1769.0,0.66,6.23,1.25,4.19
1771.0,0.56,5.91,1.13,4.17
1774.0,0.53,5.56,1.1,4.18
1776.0,0.47,5.19,1.17,4.18
1779.0,0.31,4.92,1.2,4.17
1781.0,0.18,4.56,1.02,4.19
1784.0,0.06,4.2,1.06,4.19
1786.0,-0.19,3.81,0.78,4.17
1789.0,-0.3,3.39,1.09,4.17
1791.0,-0.25,3.75,-0.45,4.17
1794.0,-0.46,3.09,0.01,4.17
1796.0,-0.58,2.87,0.42,4.17
1799.0,-0.83,2.66,0.26,4.17
1801.0,-0.92,2.73,-0.24,4.17
1804.0,-0.88,2.6,-0.12,4.17
1806.0,-0.95,1.74,0.88,4.19
1809.0,-1.04,2.32,-0.39,4.17
1811.0,-1.04,2.29,0.56,4.17
1814.0,-1.19,1.93,0.73,4.21
1816.0,-1.16,2.16,0.74,4.17
1819.0,0.89,1.61,5.11,4.17
1821.0,0.27,1.61,1.68,4.2
1824.0,-0.8,1.08,1.62,4.17
1826.0,-1.68,0.66,1.23,4.19
1829.0,-1.85,1.1,1.61,4.19
1831.0,-1.74,0.91,1.51,4.17
1834.0,-1.51,0.98,0.82,4.17
1843.0,-1.79,0.14,1.82,4.17
1846.0,-1.49,0.48,-0.99,4.19
1848.0,-2.86,-0.15,2.02,4.17
1851.0,-2.43,0.28,1.68,4.17
1853.0,-1.78,-0.3,4.54,4.17
1856.0,-0.32,-0.09,2.69,4.17
1858.0,-1.75,-0.03,1.96,4.17
1861.0,5.05,-1.65,-0.85,4.14
1863.0,-8.24,0.28,1.64,4.19
1866.0,3.54,3.71,14.83,4.19
1868.0,-1.22,1.27,-1.6,4.19
1871.0,-2.34,0.19,2.65,4.17
1873.0,-1.87,-0.26,2.79,4.17
1876.0,-2.39,0.18,0.9,4.18
1878.0,-3.31,0.11,1.65,4.17
1881.0,-3.17,0.85,3.28,4.19
1883.0,-2.95,1.23,3.97,4.17
1886.0,-2.63,1.69,3.57,4.17
1889.0,-2.51,2.36,2.86,4.19
1891.0,-2.73,2.57,3.18,4.19
1893.0,-2.21,3.43,3.47,4.17
1896.0,-13.26,5.97,-4.27,4.17
1898.0,1.11,4.91,2.41,4.19
1901.0,-0.59,6.9,3.59,4.17
1903.0,-3.76,5.47,1.9,4.17
1906.0,-2.94,5.56,2.19,4.19
1908.0,0.08,5.98,0.95,4.17
1911.0,-0.24,5.65,0.6,4.17
1913.0,-0.23,6.12,0.39,4.17
1916.0,-0.68,6.52,0.24,4.17
1918.0,-0.75,7.15,0.34,4.17
1921.0,-0.69,7.88,0.23,4.19
1923.0,-0.65,8.61,-0.21,4.17
1926.0,-0.63,9.23,-0.09,4.17
1936.0,-0.09,10.78,-0.08,4.19
1938.0,-0.08,10.93,0.57,4.17
1941.0,0.04,11.1,0.58,4.17
1943.0,-0.01,11.26,0.26,4.19
1946.0,0.56,12.82,-2.86,4.17
1948.0,0.62,12.01,-0.86,4.19
1951.0,2.76,14.38,-2.57,4.17
1953.0,-0.11,9.16,1.75,4.19
1956.0,1.75,13.33,-5.23,4.19
1958.0,0.93,21.98,3.27,4.17
1961.0,-2.12,11.57,-2.07,4.17
1963.0,-5.8,23.28,1.61,4.14
1966.0,-2.24,11.14,-1.32,4.17
1968.0,-1.16,16.06,-8.31,4.17
1971.0,7.78,21.8,-12.39,4.19
1973.0,3.8,14.03,-0.63,4.17
1976.0,-0.89,15.1,-4.51,4.17
1978.0,-1.75,15.54,-4.62,4.17
1981.0,-1.38,17.5,-1.91,4.19
1983.0,-0.67,21.12,-9.46,4.19
1986.0,-0.97,13.75,9.16,4.17
1988.0,-3.24,16.06,-6.32,4.17
1991.0,-2.86,17.11,-4.22,4.17
1993.0,-2.47,17.39,-1.67,4.19
2001.0,19.32,26.42,-19.93,4.14
2003.0,5.83,16.94,-9.12,4.15
2006.0,10.19,21.95,-15.02,4.19
2008.0,10.96,23.89,-21.42,4.19
2011.0,8.73,21.94,-17.88,4.17
2013.0,-17.68,31.6,8.58,4.19
2016.0,3.08,15.37,-7.47,4.17
2018.0,-18.1,5.3,64.68,4.17
2021.0,-1.45,6.26,-18.09,4.19
2023.0,-7.94,8.62,0.88,4.17
2026.0,-2.3,17.35,-9.26,4.19
2028.0,-0.78,17.2,-3.6,4.17
2031.0,1.49,17.31,-0.76,4.18
2033.0,4.61,18.15,-2.71,4.17
2043.0,2.59,23.28,-5.75,4.19
2046.0,1.51,23.25,-1.02,4.17
2048.0,-5.23,16.03,-7.59,4.17
2051.0,-5.1,15.46,-3.0,4.17
2053.0,-5.09,15.48,-0.86,4.2
2056.0,-5.13,15.02,-1.43,4.17
2058.0,-4.3,15.34,-0.47,4.19
2061.0,-3.24,16.2,-1.48,4.17
2063.0,-2.26,15.76,-1.13,4.17
2066.0,-1.47,17.11,0.95,4.14
2068.0,-5.12,13.7,0.4,4.19
2071.0,-4.78,14.16,-4.66,4.17
2073.0,-4.48,15.77,2.71,4.17
2076.0,-1.75,19.25,-4.6,4.19
2078.0,-3.94,16.74,-1.3,4.18
2081.0,-5.15,16.03,5.99,4.19
2083.0,8.33,34.1,-28.08,4.19
2086.0,-4.62,16.97,52.28,4.17
2088.0,2.64,26.46,-5.87,4.17
2090.0,-3.68,14.43,3.69,4.18
2093.0,1.3,23.88,2.67,4.17
2095.0,-2.84,19.26,3.09,4.17
2098.0,-2.71,26.11,7.37,4.17
2108.0,-3.92,16.7,-5.62,4.17
2110.0,-0.01,18.7,9.22,4.19
2113.0,-3.74,20.28,2.09,4.17
2115.0,-3.49,18.7,-3.53,4.19
2118.0,-4.09,16.73,-1.22,4.17
2120.0,-1.93,17.58,-4.88,4.17
2123.0,-2.2,15.57,-4.05,4.19
2125.0,-2.64,14.44,-6.96,4.19
2128.0,-1.2,10.78,-6.33,4.19
2130.0,-2.3,14.9,-7.69,4.17
2133.0,1.83,7.85,-15.83,4.17
2135.0,-2.17,5.7,-3.87,4.17
2138.0,2.5,4.75,-12.6,4.19
2140.0,-6.05,12.82,-5.32,4.17
2143.0,-4.21,6.62,-11.76,4.19
2145.0,-4.21,8.1,-9.06,4.17
2148.0,-0.25,9.88,-15.48,4.17
2150.0,-7.06,20.62,-8.09,4.17
2153.0,-7.77,11.22,-3.63,4.17
2155.0,-7.69,8.34,-10.52,4.19
2158.0,-6.52,7.36,-9.12,4.17
2160.0,-2.78,9.57,-13.08,4.17
2170.0,-34.35,33.01,28.92,4.19
2173.0,6.2,-14.37,-19.77,4.17
2175.0,-10.38,0.7,6.22,4.17
2178.0,-5.54,2.49,3.51,4.17
2180.0,-6.76,4.81,-12.47,4.17
2183.0,-5.54,2.11,-9.58,4.17
2185.0,-6.72,2.31,0.24,4.19
2188.0,-4.22,-0.99,-1.96,4.17
2190.0,-4.57,2.26,-6.1,4.17
2193.0,-4.71,5.64,-5.93,4.17
2195.0,-6.37,10.94,-5.93,4.16
2198.0,0.42,-2.51,-7.73,4.17
2200.0,0.71,-3.81,-9.06,4.19
2203.0,0.8,3.31,-9.87,4.19
2205.0,2.19,5.67,-10.06,4.17
2208.0,6.34,-14.22,-0.98,4.17
2210.0,4.84,-13.89,0.65,4.17
2213.0,5.49,-14.39,0.76,4.15
2215.0,4.55,-14.38,0.84,4.14
2218.0,4.35,-14.37,0.34,4.17
2220.0,5.07,-13.16,0.58,4.14
2223.0,3.92,-12.96,0.23,4.12
2225.0,2.81,-12.82,-2.0,4.14
2235.0,-0.9,-10.03,-2.17,4.17
2238.0,-2.37,-8.81,-6.29,4.17
2240.0,-2.99,-8.38,-5.39,4.17
2243.0,-3.03,-7.55,-2.41,4.2
2245.0,-3.41,-4.87,5.08,4.19
2248.0,-5.19,-5.67,4.49,4.17
2250.0,-5.82,-3.67,2.9,4.17
2253.0,-6.73,-2.85,4.31,4.19
2255.0,-6.8,2.32,7.61,4.17
2258.0,-7.84,3.54,7.31,4.17
2260.0,-8.14,5.56,9.56,4.17
2263.0,-8.47,8.17,12.26,4.17
2265.0,-9.38,9.56,11.68,4.17
2268.0,-9.61,10.51,11.62,4.19
2270.0,-9.61,11.87,12.66,4.14
2273.0,-7.2,18.51,14.21,4.19
2275.0,-3.32,28.78,13.08,4.17
2278.0,0.33,36.16,8.21,4.19
2280.0,-0.21,30.79,12.01,4.18
2283.0,-2.34,24.24,18.62,4.17
2290.0,-8.08,4.61,-30.92,4.17
2293.0,-7.62,1.57,-28.76,4.17
2295.0,-8.85,-1.33,-30.12,4.17
2298.0,-9.25,-3.09,-34.81,4.14
2300.0,-10.05,-5.81,-39.08,4.17
2303.0,-10.02,-10.84,-36.68,4.17
2305.0,-10.46,-17.93,-24.32,4.17
2308.0,-10.95,-23.31,-5.5,4.19
2310.0,-15.82,-26.57,2.85,4.2
2313.0,-19.52,-19.96,14.06,4.18
2323.0,-47.25,78.48,78.48,4.17
2325.0,-51.05,78.48,78.48,4.17
2327.0,-54.48,78.48,78.48,4.19
2330.0,-52.02,65.49,50.49,4.19
2332.0,-37.65,31.99,49.25,4.17
2335.0,-17.84,18.82,47.97,4.19
2337.0,-10.19,8.24,30.47,4.2
2340.0,-6.56,5.26,15.25,4.17
2342.0,-3.23,9.81,9.11,4.17
2345.0,-1.23,11.94,1.75,4.18
2347.0,1.65,10.76,-0.46,4.17
2350.0,4.97,7.72,4.23,4.17
2352.0,5.91,3.16,6.94,4.17
2355.0,7.06,0.46,7.09,4.19
2357.0,5.75,0.02,2.82,4.19
2360.0,6.75,1.03,0.38,4.17
2362.0,6.81,1.1,-2.45,4.18
2365.0,8.3,2.2,-0.99,4.17
2367.0,10.21,5.46,-0.13,4.18
2370.0,9.1,10.22,4.22,4.19
2372.0,7.45,15.81,2.55,4.14
2375.0,6.12,18.97,2.85,4.17
2377.0,4.84,19.21,-1.72,4.17
2380.0,4.43,20.64,2.94,4.17
2382.0,3.16,26.11,-1.83,4.17
2385.0,1.5,19.51,-13.61,4.19
2387.0,3.03,17.45,-6.55,4.17
2395.0,-4.06,7.77,-28.34,4.19
2397.0,-7.16,2.74,-28.32,4.17
2400.0,-23.63,-4.89,-30.24,4.14
2402.0,-33.57,-7.06,1.12,4.16
2405.0,-35.87,6.53,45.13,4.17
2407.0,-24.31,33.13,48.89,4.19
2410.0,3.23,56.07,22.57,4.17
2412.0,19.22,58.32,12.62,4.17
2415.0,12.47,22.43,27.65,4.17
2417.0,2.29,-2.05,22.55,4.17
2420.0,0.23,-6.85,4.16,4.19
2422.0,2.66,-5.66,-1.75,4.17
2425.0,4.06,-1.09,0.93,4.19
2427.0,2.9,4.22,2.49,4.17
2430.0,-1.4,7.8,-3.23,4.19
2432.0,-5.07,7.87,-8.03,4.2
2447.0,-6.2,2.01,1.88,4.17
2450.0,-6.74,1.96,3.01,4.18
2452.0,-7.21,3.06,2.96,4.17
2455.0,-6.75,6.37,3.49,4.19
2457.0,-7.28,10.12,1.22,4.17
2460.0,-7.71,12.73,-0.97,4.17
2462.0,-7.54,12.41,-3.82,4.17
2465.0,-7.11,12.02,-3.3,4.17
2467.0,-6.87,10.32,-2.85,4.17
2470.0,-6.62,8.8,-2.77,4.19
2472.0,-6.4,7.22,-2.57,4.17
2475.0,-5.84,5.75,-1.51,4.14
2477.0,-5.0,4.62,1.31,4.17
2480.0,-3.77,3.74,4.21,4.19
2482.0,-3.45,2.8,4.96,4.17
2485.0,-3.11,0.95,7.44,4.17
2487.0,-2.03,-0.88,10.42,4.17
2490.0,-2.53,-3.33,10.08,4.17
2492.0,-1.94,-4.33,10.16,4.17
2495.0,-2.21,-5.88,9.88,4.17
2497.0,-1.66,-6.55,10.22,4.17
2500.0,-1.7,-7.08,9.08,4.17
2502.0,-1.43,-6.25,8.56,4.14
2505.0,-1.59,-4.6,7.39,4.18
2507.0,-1.87,-2.09,7.0,4.2
2510.0,-1.99,0.57,7.45,4.17
2512.0,-2.35,3.43,8.7,4.17
2515.0,-2.81,6.36,10.14,4.19
2517.0,-3.53,8.33,11.05,4.17
2520.0,-4.37,9.72,11.73,4.17
2522.0,-5.4,9.63,12.06,4.19
2532.0,-8.31,9.38,13.03,4.19
2535.0,-8.29,9.27,12.33,4.17
2537.0,-8.31,9.21,11.12,4.17
2540.0,-8.5,9.02,8.5,4.19
2542.0,-8.69,9.82,6.35,4.17
2545.0,-8.93,10.1,5.93,4.17
2547.0,-9.7,9.36,5.09,4.19
2550.0,-10.64,8.84,2.62,4.17
2552.0,-11.45,8.26,1.48,4.17
2554.0,-11.99,7.95,0.22,4.17
2557.0,-12.67,6.85,-0.63,4.17
2559.0,-12.81,6.07,-0.96,4.17
2562.0,-12.85,5.6,-1.09,4.17
2564.0,-12.53,5.71,-1.12,4.19
2567.0,-11.98,6.15,-0.88,4.19
2569.0,-11.2,6.63,-0.5,4.19
2572.0,-10.31,7.44,0.19,4.17
2574.0,-9.55,8.27,1.12,4.17
2577.0,-6.94,-3.25,11.21,4.15
2579.0,-0.27,-45.02,27.09,4.17
2582.0,8.73,-78.48,44.89,4.19
2584.0,-3.24,-33.61,-0.71,4.19
2587.0,-8.38,17.86,16.01,4.17
2589.0,-11.74,28.93,33.02,4.17
2592.0,-13.69,32.27,34.13,4.14
2595.0,-14.22,30.37,24.28,4.14
2597.0,-14.07,20.34,7.22,4.16
2600.0,-12.67,6.08,3.49,4.14
2602.0,-10.79,-3.13,3.61,4.17
2604.0,-8.9,-10.3,4.87,4.14
2617.0,0.01,5.24,0.5,4.17
2619.0,0.3,4.38,2.3,4.17
2622.0,1.08,5.33,4.22,4.17
2624.0,1.27,6.09,3.75,4.17
2627.0,2.08,7.62,3.02,4.17
2629.0,2.51,7.79,4.88,4.17
2632.0,2.29,6.17,6.73,4.19
2634.0,1.42,3.83,8.33,4.17
2637.0,0.33,3.01,7.92,4.17
2639.0,-0.45,2.88,7.41,4.17
2642.0,-1.41,2.25,7.14,4.17
2644.0,-1.77,3.4,7.94,4.17
2647.0,-1.31,6.8,7.62,4.17
2649.0,-1.05,9.44,6.14,4.17
2652.0,-1.24,10.76,3.97,4.19
2654.0,-1.39,11.26,2.3,4.17
2657.0,-1.49,10.74,1.1,4.17
2659.0,-1.54,9.64,1.37,4.18
2662.0,-2.06,8.63,0.8,4.19
2664.0,-2.64,7.59,-0.17,4.17
2667.0,-2.75,6.95,0.88,4.17
2669.0,-3.02,5.91,2.29,4.17
2672.0,-3.09,5.78,3.28,4.17
2674.0,-3.46,6.73,2.62,4.17
2677.0,-3.53,6.72,2.44,4.17
2679.0,-3.46,7.84,3.84,4.15
2682.0,-3.1,7.6,3.84,4.17
2684.0,-3.04,7.9,3.53,4.19
2687.0,-2.96,7.81,2.89,4.17
2689.0,-2.84,7.74,2.64,4.17
2692.0,-2.41,7.15,2.24,4.19
2694.0,-2.23,6.98,1.74,4.17
2697.0,-1.88,6.99,1.24,4.19
2699.0,-1.82,7.2,0.85,4.17
2702.0,-1.84,7.16,0.92,4.17
2704.0,-1.73,7.05,0.71,4.17
2707.0,-1.7,6.65,1.09,4.14
2709.0,-1.8,6.29,1.6,4.17
2712.0,-2.07,5.72,2.09,4.17
2714.0,-2.25,4.99,2.5,4.19
2724.0,-4.35,4.62,5.53,4.19
2727.0,-4.86,4.84,5.96,4.17
2729.0,-5.32,4.77,6.49,4.19
2732.0,-5.76,4.11,6.94,4.17
2734.0,-6.02,4.23,7.03,4.18
2737.0,-6.3,3.2,7.66,4.17
2739.0,-6.52,3.48,6.84,4.17
2742.0,-6.81,4.16,7.21,4.2
2744.0,-7.12,5.21,7.77,4.19
2747.0,-7.56,6.07,7.56,4.2
2749.0,-8.02,8.09,6.69,4.17
2752.0,-8.37,9.52,7.12,4.17
2754.0,-8.96,10.76,7.75,4.19
2757.0,-9.44,10.81,7.98,4.17
2759.0,-9.94,10.13,7.25,4.19
2762.0,-9.71,9.47,7.25,4.19
2764.0,-9.43,8.61,8.2,4.12
2767.0,-9.07,8.58,9.15,4.14
2769.0,-9.39,4.19,8.11,4.16
2772.0,-8.91,4.3,8.46,4.14
2774.0,-8.41,4.24,9.05,4.14
2776.0,-9.33,-5.87,11.35,4.15
2779.0,-7.42,-1.23,12.26,4.14
2781.0,-7.34,-1.91,11.39,4.17
2784.0,-7.6,-3.31,14.89,4.15
2799.0,-8.64,0.03,21.33,4.17
2801.0,-8.59,0.39,19.38,4.17
2804.0,-7.83,2.05,15.75,4.17
2806.0,-6.94,2.94,12.69,4.17
2809.0,-6.7,3.44,9.23,4.14
2812.0,-6.29,4.52,6.21,4.17
2814.0,-6.37,5.12,3.76,4.17
2816.0,-6.26,5.45,3.03,4.19
2819.0,-6.39,3.76,4.08,4.19
2821.0,-5.43,4.5,3.03,4.17
2824.0,-3.62,5.66,1.31,4.19
2826.0,-1.4,7.48,3.09,4.19
2829.0,0.61,9.03,2.89,4.19
2831.0,1.57,8.88,2.05,4.17
2834.0,2.26,9.01,1.16,4.17
2836.0,1.94,7.32,1.14,4.19
2839.0,0.86,5.8,1.5,4.17
2841.0,-0.57,5.36,2.17,4.17
2844.0,-2.03,5.36,2.72,4.17
2846.0,-3.37,5.4,3.61,4.19
2849.0,-4.15,5.17,4.43,4.17
2851.0,-4.58,4.97,5.15,4.19
2854.0,-4.62,4.9,5.59,4.19
2856.0,-4.23,4.64,6.08,4.17
2859.0,-4.38,4.09,5.18,4.17
2861.0,-4.31,3.78,5.58,4.19
2864.0,-4.8,3.71,5.25,4.19
2866.0,-5.27,3.92,5.11,4.19
2869.0,-5.76,4.27,5.05,4.17
2871.0,-6.16,4.45,4.93,4.17
2879.0,-6.44,4.91,4.73,4.2
2881.0,-6.28,4.85,4.75,4.17
2884.0,-6.09,4.88,4.77,4.17
2886.0,-5.75,4.66,4.75,4.19
2889.0,-5.49,5.0,4.33,4.18
2891.0,-5.36,5.01,4.13,4.19
2894.0,-5.23,4.85,4.78,4.19
2896.0,-5.19,5.0,3.93,4.19
2899.0,-5.21,4.95,3.89,4.19
2901.0,-5.1,3.99,4.53,4.17
2904.0,-5.03,4.01,4.15,4.17
2906.0,-4.84,4.56,3.75,4.19
2909.0,-4.65,5.38,3.89,4.17
2911.0,-4.62,5.36,3.19,4.15
2914.0,-4.5,4.52,3.83,4.17
2916.0,-4.08,4.02,3.37,4.19
2919.0,-4.09,3.61,3.78,4.17
2921.0,-3.63,3.36,4.27,4.19
2924.0,-3.39,4.33,3.93,4.18
2926.0,-3.16,3.86,4.13,4.17
2929.0,-3.2,2.85,5.33,4.17
2931.0,-2.78,3.18,6.42,4.17
2934.0,-2.78,4.05,6.5,4.14
2936.0,-2.72,5.08,6.78,4.14
2939.0,-2.82,5.02,7.4,4.14
2941.0,-2.79,4.38,8.21,4.16
2944.0,-3.01,3.48,8.99,4.14
2946.0,-3.41,2.65,9.99,4.15
2949.0,-3.72,2.54,10.05,4.17
2964.0,-5.47,5.05,7.84,4.19
2966.0,-5.97,5.26,7.12,4.19
2969.0,-6.12,5.52,6.75,4.17
2971.0,-6.72,5.71,5.6,4.2
2974.0,-6.89,5.72,5.21,4.17
2976.0,-7.27,5.48,4.9,4.17
2979.0,-7.52,5.37,5.25,4.17
2981.0,-8.02,4.99,4.95,4.17
2983.0,-8.29,4.97,5.06,4.17
2986.0,-8.67,4.84,5.03,4.17
2988.0,-8.89,4.94,4.51,4.17
2991.0,-8.82,5.04,5.03,4.2
2993.0,-9.08,4.92,4.89,4.2
2996.0,-9.03,5.17,3.94,4.17
2998.0,-8.9,5.5,3.36,4.17
3001.0,-9.04,5.54,3.81,4.17
3003.0,-8.87,5.66,2.71,4.17
3006.0,-8.88,5.37,2.42,4.17
3008.0,-8.83,5.59,2.01,4.17
3011.0,-8.62,5.27,1.88,4.17
3013.0,-8.59,5.25,2.05,4.14
3016.0,-8.54,4.93,2.38,4.14
3018.0,-8.43,4.72,2.36,4.17
3021.0,-8.27,4.51,2.38,4.2
3023.0,-8.13,4.48,2.88,4.17
3026.0,-7.85,4.71,3.13,4.17
3028.0,-7.82,4.72,3.19,4.17
3031.0,-7.74,4.69,3.02,4.18
3033.0,-7.57,4.84,2.89,4.17
3036.0,-7.46,4.89,3.42,4.17
3038.0,-7.36,4.81,3.47,4.17
3041.0,-7.31,4.99,3.33,4.17
3043.0,-7.19,4.67,3.21,4.17
3046.0,-6.84,4.74,3.88,4.19
3048.0,-6.65,4.51,4.29,4.19
3051.0,-6.53,4.65,3.89,4.19
3053.0,-6.41,4.73,3.83,4.17
0.0,-100.0,-100.0,-100.0,-100.0
