3, 0.11, 0.01, 9.92, 3.63
6, 0.05, 0.02, 9.93, 3.65
8, 0.06, -0.04, 9.89, 3.63
11, 0.07, 0.00, 9.96, 3.63
13, 0.07, -0.04, 9.92, 3.63
16, 0.10, -0.06, 9.98, 3.63
18, 0.14, -0.00, 9.90, 3.63
21, 0.14, 0.08, 9.91, 3.63
23, 0.10, -0.03, 10.00, 3.63
26, 0.03, 0.04, 9.93, 3.65
28, 0.05, -0.00, 9.94, 3.65
31, 0.10, -0.06, 9.91, 3.63
33, 0.09, 0.00, 9.89, 3.63
36, 0.08, -0.07, 9.82, 3.63
38, 0.02, -0.01, 9.93, 3.63
41, 0.10, -0.03, 9.92, 3.62
43, 0.04, -0.05, 10.00, 3.63
46, 0.05, 0.01, 9.95, 3.65
48, 0.01, -0.01, 9.97, 3.63
51, 0.06, -0.05, 9.90, 3.63
53, 0.05, 0.01, 9.91, 3.63
56, 0.11, 0.02, 9.94, 3.63
58, 0.07, -0.02, 9.89, 3.63
61, 0.03, -0.03, 9.93, 3.65
63, 0.04, 0.02, 9.88, 3.63
66, 0.10, -0.00, 9.86, 3.62
68, 0.08, 0.01, 9.95, 3.63
71, 0.04, 0.01, 9.99, 3.63
73, 0.12, 0.02, 9.92, 3.63
76, 0.10, -0.04, 9.90, 3.63
78, 0.02, 0.00, 9.99, 3.63
81, 0.01, -0.02, 9.85, 3.63
83, 0.07, -0.08, 9.94, 3.65
86, 0.06, 0.00, 9.90, 3.65
88, 0.09, -0.01, 9.96, 3.63
91, 0.10, -0.04, 9.94, 3.63
93, 0.02, -0.02, 9.94, 3.63
96, 0.03, 0.06, 9.83, 3.65
98, 0.11, 0.00, 9.91, 3.63
100, 0.04, -0.08, 9.91, 3.63
103, 0.03, -0.03, 9.94, 3.63
105, 0.05, -0.00, 9.93, 3.65
108, 0.04, 0.02, 9.94, 3.63
110, 0.07, -0.00, 10.02, 3.62
113, 0.08, 0.08, 9.90, 3.63
115, 0.13, 0.03, 9.96, 3.63
118, 0.07, -0.01, 9.95, 3.63
120, 0.10, -0.06, 9.95, 3.63
123, 0.16, 0.03, 9.87, 3.65
125, 0.04, -0.05, 9.89, 3.63
128, 0.09, 0.04, 9.93, 3.65
130, 0.12, -0.08, 9.81, 3.63
133, 0.09, 0.00, 9.93, 3.63
135, 0.14, -0.04, 9.84, 3.63
138, 0.06, -0.01, 9.94, 3.63
140, 0.06, 0.06, 9.85, 3.63
143, 0.01, -0.01, 9.92, 3.60
145, 0.04, 0.05, 9.91, 3.63
148, 0.14, -0.01, 9.89, 3.62
150, 0.04, -0.01, 9.91, 3.63
153, 0.09, 0.01, 9.94, 3.62
155, 0.09, 0.03, 9.91, 3.63
158, 0.08, -0.03, 9.95, 3.62
160, 0.10, -0.01, 9.94, 3.63
163, 0.05, 0.02, 9.89, 3.63
165, 0.06, 0.03, 9.95, 3.63
168, 0.05, -0.02, 9.93, 3.61
170, 0.04, -0.04, 9.92, 3.63
173, 0.03, -0.04, 9.95, 3.63
175, 0.16, -0.04, 9.89, 3.63
178, 0.06, 0.00, 9.92, 3.65
180, 0.06, 0.02, 9.96, 3.63
183, 0.05, -0.02, 9.93, 3.65
185, 0.07, -0.01, 9.93, 3.63
188, 0.05, -0.06, 9.91, 3.63
190, 0.06, -0.03, 9.91, 3.63
193, 0.13, -0.04, 9.95, 3.63
195, 0.11, -0.02, 9.97, 3.63
198, -0.02, -0.04, 9.88, 3.63
200, 0.03, 0.03, 9.81, 3.63
203, 0.12, 0.01, 9.96, 3.63
205, 0.10, -0.05, 9.91, 3.63
208, 0.07, 0.02, 9.98, 3.63
210, 0.14, 0.02, 9.92, 3.63
213, 0.00, 0.03, 9.93, 3.63
215, 0.09, 0.00, 9.90, 3.63
218, 0.02, 0.04, 9.83, 3.65
220, 0.07, 0.03, 9.95, 3.63
223, 0.01, -0.01, 9.95, 3.63
225, 0.10, -0.01, 9.97, 3.63
228, 0.04, -0.02, 9.92, 3.63
230, 0.05, 0.03, 9.94, 3.63
233, 0.14, 0.02, 9.93, 3.63
235, 0.08, -0.02, 9.88, 3.63
238, 0.00, 0.04, 10.00, 3.65
240, 0.08, 0.01, 9.84, 3.63
243, 0.15, 0.03, 9.91, 3.63
245, 0.08, 0.04, 9.81, 3.63
248, 0.11, 0.05, 9.95, 3.63
250, 0.13, -0.00, 9.83, 3.63
253, 0.08, -0.01, 9.96, 3.63
255, 0.07, -0.02, 9.93, 3.63
258, 0.10, -0.02, 9.93, 3.62
260, 0.07, -0.02, 9.95, 3.63
263, 0.08, -0.02, 9.94, 3.63
265, 0.07, 0.02, 9.95, 3.63
268, 0.07, 0.02, 9.82, 3.63
270, 0.10, -0.03, 9.90, 3.61
273, 0.03, 0.06, 9.94, 3.64
275, 0.02, 0.02, 9.90, 3.63
278, 0.04, -0.08, 9.89, 3.63
280, 0.10, 0.01, 9.93, 3.63
283, 0.05, -0.00, 9.97, 3.63
285, 0.08, -0.01, 9.90, 3.65
288, 0.04, -0.02, 9.98, 3.63
290, 0.07, 0.05, 9.94, 3.63
293, 0.05, 0.01, 9.89, 3.63
295, 0.12, -0.06, 9.92, 3.63
298, 0.11, -0.08, 9.93, 3.63
300, 0.11, -0.02, 9.91, 3.63
303, 0.11, 0.04, 9.92, 3.65
305, 0.12, -0.04, 9.89, 3.63
308, 0.14, -0.00, 9.93, 3.63
310, 0.09, -0.04, 9.94, 3.65
313, 0.10, -0.03, 9.91, 3.63
315, 0.07, -0.01, 9.95, 3.63
318, 0.07, -0.01, 9.95, 3.63
320, 0.03, -0.07, 9.88, 3.63
330, 0.02, -0.04, 9.93, 3.63
333, 0.10, 0.02, 9.92, 3.65
335, 0.10, -0.05, 9.95, 3.63
338, 0.08, 0.02, 9.88, 3.63
340, -0.01, 0.02, 9.92, 3.65
343, 0.14, -0.01, 9.90, 3.63
345, 0.14, -0.03, 9.87, 3.63
348, 0.14, -0.05, 9.92, 3.63
350, 0.10, 0.01, 9.92, 3.63
353, 0.07, 0.06, 9.87, 3.65
355, 0.05, -0.05, 9.91, 3.63
358, 0.09, 0.02, 9.91, 3.65
360, 0.05, -0.00, 9.92, 3.63
363, 0.05, -0.03, 9.94, 3.65
365, 0.12, 0.00, 9.95, 3.63
368, 0.12, 0.05, 9.91, 3.63
370, 0.09, 0.02, 9.94, 3.62
373, 0.04, -0.01, 10.02, 3.62
375, 0.08, 0.03, 9.92, 3.63
378, 0.05, -0.03, 9.89, 3.63
380, 0.07, 0.05, 9.94, 3.63
383, 0.16, -0.02, 9.93, 3.63
385, 0.09, 0.03, 9.95, 3.62
388, 0.07, -0.01, 9.96, 3.63
390, 0.06, 0.01, 9.94, 3.63
393, 0.07, 0.01, 9.99, 3.63
395, 0.09, -0.06, 9.91, 3.63
398, 0.08, -0.03, 9.94, 3.62
400, 0.06, -0.01, 9.92, 3.62
405, 0.06, 0.04, 9.90, 3.63
408, 0.07, -0.02, 9.91, 3.63
410, 0.10, 0.00, 9.94, 3.63
413, 0.03, -0.02, 9.93, 3.63
415, 0.08, 0.03, 9.91, 3.63
418, 0.03, -0.03, 9.86, 3.65
420, 0.10, 0.04, 9.96, 3.65
423, 0.11, -0.00, 9.96, 3.63
425, 0.08, 0.01, 9.93, 3.63
428, 0.08, -0.03, 9.97, 3.63
430, 0.11, -0.03, 9.90, 3.63
433, 0.11, -0.01, 9.93, 3.63
435, 0.18, 0.03, 9.97, 3.63
438, 0.04, -0.01, 9.91, 3.65
440, 0.14, -0.01, 9.97, 3.63
443, 0.06, -0.01, 9.92, 3.63
445, 0.01, 0.01, 9.87, 3.63
448, 0.04, -0.00, 9.97, 3.63
450, 0.10, -0.03, 9.95, 3.62
453, 0.11, 0.01, 9.92, 3.63
455, 0.08, -0.03, 9.95, 3.62
458, 0.08, -0.03, 9.89, 3.63
460, 0.03, 0.06, 9.96, 3.65
463, 0.04, 0.01, 9.93, 3.65
465, 0.06, -0.01, 9.90, 3.62
468, 0.03, -0.00, 9.89, 3.62
470, 0.05, -0.01, 9.91, 3.63
473, 0.12, -0.04, 9.93, 3.63
475, 0.07, 0.02, 9.91, 3.61
477, 0.12, 0.00, 9.87, 3.62
480, 0.10, 0.06, 9.92, 3.62
483, 0.09, -0.01, 9.92, 3.65
485, 0.02, 0.01, 9.91, 3.63
487, 0.09, 0.03, 9.83, 3.63
490, 0.13, -0.01, 9.89, 3.63
493, 0.09, -0.04, 9.94, 3.65
495, 0.09, -0.02, 9.93, 3.63
497, 0.07, -0.01, 9.85, 3.65
500, 0.07, -0.03, 9.94, 3.65
502, 0.07, -0.03, 9.95, 3.65
505, 0.08, -0.05, 9.93, 3.63
507, 0.08, -0.06, 9.90, 3.62
510, 0.02, 0.01, 9.96, 3.65
512, 0.15, 0.01, 9.87, 3.65
515, 0.05, -0.03, 9.89, 3.63
517, 0.01, -0.03, 9.95, 3.63
520, 0.09, 0.00, 9.91, 3.63
522, 0.01, 0.03, 10.01, 3.63
525, 0.10, -0.01, 9.95, 3.63
527, 0.11, 0.02, 9.93, 3.65
530, 0.09, -0.01, 9.86, 3.63
532, 0.06, -0.04, 9.91, 3.63
535, 0.08, 0.02, 9.91, 3.63
537, 0.03, 0.01, 9.93, 3.63
540, 0.10, -0.05, 9.92, 3.63
542, 0.08, -0.01, 9.94, 3.63
545, 0.05, 0.02, 9.90, 3.63
547, 0.06, -0.00, 9.92, 3.63
550, 0.02, 0.00, 9.89, 3.63
552, 0.04, 0.01, 9.89, 3.61
555, 0.11, -0.03, 9.93, 3.63
557, 0.14, 0.02, 9.85, 3.63
560, 0.02, 0.01, 9.88, 3.63
562, 0.01, 0.05, 9.94, 3.63
565, 0.07, 0.02, 9.93, 3.62
567, 0.06, 0.06, 9.91, 3.65
570, 0.07, -0.03, 9.86, 3.63
572, 0.11, 0.00, 9.96, 3.63
575, 0.09, -0.01, 9.93, 3.63
577, 0.13, 0.00, 9.95, 3.62
580, 0.07, 0.05, 9.96, 3.63
582, 0.05, -0.06, 9.93, 3.63
585, 0.06, -0.02, 9.92, 3.65
587, 0.08, 0.00, 9.92, 3.63
590, 0.03, -0.01, 9.90, 3.62
592, 0.06, -0.00, 9.92, 3.63
595, 0.05, 0.01, 9.92, 3.63
597, 0.09, 0.01, 9.86, 3.63
600, 0.06, 0.00, 9.92, 3.63
602, 0.06, -0.03, 9.91, 3.62
605, 0.05, -0.03, 9.94, 3.62
607, 0.03, -0.01, 9.90, 3.63
610, 0.10, 0.00, 9.98, 3.63
612, 0.08, 0.00, 9.96, 3.65
615, 0.05, 0.06, 9.91, 3.63
617, 0.05, 0.02, 9.92, 3.63
620, 0.08, -0.04, 9.92, 3.65
622, 0.06, 0.00, 9.85, 3.63
625, 0.08, 0.02, 9.90, 3.63
627, 0.10, -0.03, 9.88, 3.63
630, -0.01, 0.02, 9.87, 3.63
632, 0.05, -0.08, 9.91, 3.63
635, 0.07, 0.01, 9.91, 3.63
637, 0.12, 0.04, 9.91, 3.63
640, 0.09, -0.07, 9.94, 3.65
642, 0.08, 0.02, 9.96, 3.63
645, 0.06, -0.03, 9.88, 3.62
647, 0.08, 0.01, 9.94, 3.63
650, 0.06, 0.00, 9.96, 3.63
652, 0.06, -0.04, 9.90, 3.63
655, 0.05, 0.04, 9.99, 3.61
657, 0.10, 0.03, 9.92, 3.63
660, 0.01, 0.02, 9.92, 3.63
662, 0.09, -0.04, 9.96, 3.63
665, 0.11, -0.01, 9.93, 3.63
667, 0.03, 0.00, 9.93, 3.65
670, 0.11, -0.02, 9.93, 3.62
677, 0.09, 0.04, 9.95, 3.65
680, 0.06, 0.03, 9.91, 3.62
682, 0.04, 0.02, 9.87, 3.61
685, 0.05, -0.03, 9.95, 3.62
687, 0.08, -0.06, 9.95, 3.63
690, 0.12, -0.01, 9.91, 3.63
692, 0.02, 0.01, 9.96, 3.63
695, 0.07, 0.07, 9.95, 3.63
697, 0.07, -0.02, 9.93, 3.63
700, 0.11, -0.01, 9.91, 3.62
702, 0.02, 0.00, 9.93, 3.62
705, 0.07, 0.01, 9.93, 3.65
707, 0.06, -0.02, 9.93, 3.63
710, 0.08, -0.02, 9.96, 3.63
712, 0.11, 0.02, 9.96, 3.63
715, 0.03, 0.01, 9.91, 3.63
717, 0.09, -0.04, 9.98, 3.63
720, 0.08, 0.02, 9.92, 3.62
722, 0.04, -0.00, 9.93, 3.63
725, 0.09, 0.01, 9.91, 3.63
727, 0.07, 0.02, 9.92, 3.63
730, 0.07, -0.01, 9.95, 3.62
732, 0.14, -0.05, 9.90, 3.63
735, 0.07, -0.00, 9.92, 3.63
737, 0.08, 0.04, 9.94, 3.63
740, 0.06, -0.04, 9.92, 3.63
742, 0.06, -0.05, 9.87, 3.63
745, 0.07, 0.02, 9.93, 3.63
747, 0.07, 0.02, 9.99, 3.63
750, 0.09, -0.03, 9.90, 3.63
752, 0.03, 0.02, 9.94, 3.63
755, 0.13, 0.02, 9.93, 3.63
757, 0.08, 0.02, 9.97, 3.61
760, 0.13, -0.01, 9.92, 3.63
762, 0.04, -0.07, 9.92, 3.63
765, 0.17, -0.03, 9.92, 3.63
767, 0.02, -0.02, 9.94, 3.63
770, 0.04, 0.01, 9.91, 3.62
772, 0.03, -0.06, 9.90, 3.63
775, 0.05, -0.03, 9.91, 3.63
777, 0.03, 0.02, 9.93, 3.63
780, 0.15, -0.01, 9.90, 3.63
782, 0.05, -0.05, 9.90, 3.61
785, 0.06, -0.01, 9.92, 3.63
787, 0.08, -0.00, 9.91, 3.63
790, 0.02, -0.05, 9.94, 3.65
792, 0.08, -0.00, 9.96, 3.63
795, 0.08, -0.01, 9.96, 3.63
797, 0.06, 0.01, 9.89, 3.63
800, 0.07, -0.01, 9.92, 3.62
802, 0.05, -0.04, 9.93, 3.63
805, 0.01, 0.01, 9.95, 3.62
807, 0.08, -0.06, 9.92, 3.63
810, 0.05, 0.01, 9.98, 3.65
812, 0.10, 0.00, 9.94, 3.63
815, 0.07, -0.04, 9.93, 3.63
817, 0.07, 0.02, 9.85, 3.63
820, 0.07, 0.05, 9.89, 3.63
822, 0.07, 0.00, 9.88, 3.63
825, 0.10, -0.08, 9.96, 3.63
827, 0.05, 0.03, 9.97, 3.63
830, 0.10, -0.02, 9.88, 3.63
832, 0.10, 0.05, 9.93, 3.63
835, 0.03, 0.03, 9.96, 3.63
837, 0.06, -0.02, 9.99, 3.63
840, 0.13, 0.03, 9.90, 3.63
842, 0.07, 0.00, 9.97, 3.63
845, 0.03, 0.01, 9.98, 3.62
847, 0.11, 0.00, 9.91, 3.63
850, 0.00, -0.02, 9.90, 3.63
852, 0.03, 0.01, 9.94, 3.65
855, 0.06, -0.01, 9.92, 3.63
857, 0.03, 0.00, 9.93, 3.63
860, 0.08, -0.02, 9.91, 3.60
862, 0.15, -0.01, 9.92, 3.63
865, 0.08, 0.01, 9.86, 3.63
867, 0.09, -0.01, 9.93, 3.65
877, 0.14, 0.02, 9.93, 3.65
880, 0.02, 0.05, 9.86, 3.62
882, 0.08, 0.00, 9.94, 3.63
885, 0.05, 0.04, 9.93, 3.62
887, 0.04, -0.06, 9.89, 3.63
890, 0.12, 0.06, 10.00, 3.63
892, 0.11, -0.01, 9.93, 3.63
895, 0.07, 0.02, 9.92, 3.63
897, 0.07, 0.05, 9.92, 3.63
900, 0.09, 0.07, 9.94, 3.65
902, 0.06, 0.08, 9.96, 3.63
905, 0.08, 0.03, 9.91, 3.63
907, 0.08, 0.03, 9.92, 3.63
910, 0.11, -0.02, 9.92, 3.63
912, 0.11, 0.00, 9.93, 3.63
915, 0.02, -0.01, 9.89, 3.63
917, 0.07, 0.01, 9.92, 3.63
919, 0.14, -0.02, 9.86, 3.65
922, 0.11, 0.01, 9.95, 3.63
924, 0.10, 0.01, 9.94, 3.62
927, 0.05, 0.05, 9.94, 3.63
929, 0.09, -0.00, 9.83, 3.63
932, 0.09, -0.03, 9.91, 3.63
934, 0.03, 0.00, 9.84, 3.65
937, 0.09, -0.00, 9.93, 3.63
939, 0.12, -0.04, 9.90, 3.63
942, 0.09, 0.04, 9.94, 3.63
944, 0.10, -0.02, 9.87, 3.63
947, 0.13, -0.03, 9.90, 3.63
949, 0.05, -0.08, 9.94, 3.65
952, 0.03, -0.01, 9.93, 3.63
954, 0.07, -0.01, 9.92, 3.63
957, 0.09, 0.05, 9.92, 3.65
959, 0.07, -0.06, 9.85, 3.63
962, 0.04, -0.03, 9.92, 3.63
964, 0.07, -0.06, 9.89, 3.63
967, 0.07, -0.07, 9.92, 3.63
969, 0.06, -0.01, 9.94, 3.63
972, 0.14, 0.01, 9.92, 3.63
974, 0.11, -0.01, 9.92, 3.63
977, 0.08, -0.01, 9.90, 3.62
979, 0.07, 0.02, 9.97, 3.63
982, 0.06, -0.02, 9.92, 3.63
984, 0.06, -0.03, 9.90, 3.63
987, 0.08, -0.03, 9.91, 3.62
989, 0.08, 0.03, 9.85, 3.63
992, 0.12, -0.05, 9.92, 3.63
994, 0.05, -0.07, 9.87, 3.63
997, 0.06, -0.01, 9.92, 3.63
999, 0.10, -0.11, 9.91, 3.63
1002, 0.07, -0.01, 9.91, 3.63
1004, 0.08, -0.04, 9.94, 3.63
1007, 0.09, -0.04, 9.90, 3.63
1009, 0.06, 0.00, 9.88, 3.66
1012, 0.09, 0.01, 9.89, 3.65
1014, 0.00, 0.00, 9.88, 3.62
1017, 0.05, -0.07, 9.92, 3.63
1019, 0.09, 0.06, 9.87, 3.65
1022, 0.08, 0.01, 9.91, 3.63
1024, 0.17, 0.05, 9.88, 3.63
1027, 0.10, 0.05, 9.92, 3.63
1029, 0.12, -0.01, 9.90, 3.63
1032, 0.05, -0.07, 9.87, 3.65
1034, 0.07, 0.00, 9.91, 3.63
1037, 0.03, -0.09, 9.96, 3.62
1039, 0.09, 0.00, 9.95, 3.62
1042, 0.06, -0.03, 9.88, 3.62
1044, 0.06, -0.01, 9.90, 3.65
1047, 0.04, -0.07, 9.98, 3.65
1049, 0.04, 0.02, 9.91, 3.62
1052, 0.16, -0.01, 9.88, 3.63
1059, 0.09, 0.07, 9.98, 3.63
1062, 0.07, 0.02, 9.90, 3.63
1064, 0.09, -0.00, 9.92, 3.60
1067, 0.06, 0.03, 9.85, 3.63
1069, 0.05, -0.05, 9.89, 3.63
1072, 0.03, 0.05, 9.97, 3.65
1074, 0.09, -0.06, 9.87, 3.62
1077, 0.05, -0.01, 9.96, 3.63
1079, 0.13, 0.07, 9.89, 3.63
1082, 0.10, -0.02, 9.91, 3.63
1084, 0.11, 0.01, 9.93, 3.63
1087, 0.10, -0.03, 9.87, 3.62
1089, 0.05, 0.02, 9.87, 3.62
1092, 0.05, 0.05, 9.97, 3.64
1094, 0.07, 0.02, 9.91, 3.63
1097, 0.10, -0.02, 9.93, 3.63
1099, 0.05, 0.02, 9.87, 3.63
1102, 0.03, -0.07, 9.89, 3.63
1104, 0.01, -0.00, 9.94, 3.62
1107, -0.03, 0.02, 9.93, 3.63
1109, 0.05, -0.01, 9.91, 3.63
1112, 0.06, 0.02, 10.00, 3.63
1114, 0.06, 0.06, 9.86, 3.63
1117, 0.15, -0.02, 9.97, 3.63
1119, 0.07, -0.05, 9.88, 3.62
1122, 0.09, 0.05, 9.96, 3.63
1124, 0.03, -0.01, 9.92, 3.63
1127, 0.03, 0.03, 9.92, 3.63
1129, 0.06, -0.01, 9.92, 3.63
1132, 0.10, -0.04, 9.93, 3.63
1134, 0.10, 0.02, 9.85, 3.63
1137, 0.05, 0.01, 9.95, 3.63
1147, 0.08, 0.05, 9.87, 3.65
1149, -0.01, 0.00, 9.90, 3.63
1152, 0.07, 0.02, 9.92, 3.63
1154, 0.03, 0.02, 9.86, 3.63
1157, 0.08, 0.01, 9.88, 3.63
1159, 0.03, 0.01, 9.91, 3.63
1162, 0.06, -0.02, 9.93, 3.63
1164, 0.07, 0.02, 9.94, 3.63
1167, 0.03, -0.04, 9.87, 3.60
1169, 0.05, 0.01, 9.90, 3.63
1172, 0.04, -0.02, 9.92, 3.63
1174, 0.10, -0.02, 9.94, 3.63
1177, 0.03, -0.02, 9.91, 3.63
1179, 0.06, 0.01, 9.91, 3.63
1182, 0.15, -0.05, 9.87, 3.63
1184, 0.06, 0.02, 9.91, 3.63
1187, 0.10, 0.02, 9.86, 3.62
1189, 0.06, 0.00, 9.91, 3.63
1192, 0.08, -0.07, 9.94, 3.62
1194, 0.09, -0.03, 9.86, 3.62
1197, 0.11, 0.02, 9.94, 3.65
1199, 0.01, -0.02, 9.90, 3.63
1202, 0.07, 0.01, 9.89, 3.63
1204, 0.09, -0.08, 9.94, 3.63
1207, 0.06, -0.01, 9.86, 3.65
1209, 0.08, 0.01, 9.91, 3.63
1212, 0.05, -0.02, 9.95, 3.63
1214, 0.05, -0.06, 9.92, 3.63
1217, 0.07, 0.01, 9.97, 3.63
1219, 0.15, -0.03, 9.97, 3.63
1222, 0.06, -0.05, 9.92, 3.63
1224, 0.09, 0.01, 9.95, 3.65
1227, 0.07, -0.02, 9.82, 3.63
1229, 0.11, -0.04, 9.87, 3.62
1232, 0.13, -0.00, 9.92, 3.63
1234, 0.11, 0.01, 9.92, 3.63
1237, 0.04, 0.02, 9.94, 3.62
1239, 0.07, 0.01, 9.96, 3.63
1242, 0.07, -0.05, 9.92, 3.65
1244, -0.01, 0.08, 9.93, 3.63
1247, 0.10, -0.01, 9.91, 3.65
1249, 0.05, -0.00, 9.96, 3.65
1252, 0.09, 0.02, 9.93, 3.63
1254, 0.07, -0.03, 9.89, 3.63
1262, 0.06, 0.02, 9.95, 3.63
1264, 0.10, 0.05, 9.94, 3.63
1267, 0.05, 0.04, 9.94, 3.63
1269, 0.11, 0.01, 9.92, 3.60
1272, 0.04, 0.03, 9.92, 3.65
1274, 0.08, -0.00, 9.95, 3.63
1277, 0.07, 0.01, 9.91, 3.63
1279, 0.10, -0.01, 9.94, 3.63
1282, 0.03, 0.03, 9.87, 3.63
1284, 0.12, -0.02, 9.96, 3.62
1287, 0.08, 0.03, 9.95, 3.63
1289, 0.09, -0.02, 9.87, 3.65
1292, 0.05, -0.02, 9.94, 3.65
1294, 0.05, -0.05, 9.83, 3.62
1297, 0.11, 0.02, 9.90, 3.62
1299, 0.03, -0.03, 9.90, 3.62
1302, 0.05, 0.04, 9.93, 3.63
1304, 0.12, -0.04, 9.91, 3.63
1307, 0.11, 0.00, 9.93, 3.63
1309, 0.15, -0.03, 9.94, 3.63
1312, 0.04, 0.02, 9.87, 3.63
1314, 0.04, -0.03, 9.90, 3.63
1317, 0.10, 0.01, 9.92, 3.65
1319, 0.07, -0.02, 9.93, 3.63
1322, 0.09, 0.01, 9.93, 3.62
1324, 0.08, 0.07, 9.95, 3.63
1327, 0.05, 0.00, 9.93, 3.62
1329, 0.02, -0.04, 9.94, 3.63
1332, 0.07, -0.00, 9.87, 3.63
1334, 0.12, -0.01, 9.94, 3.63
1336, 0.02, 0.02, 9.92, 3.63
1339, 0.08, -0.03, 9.92, 3.63
1341, 0.06, -0.00, 9.88, 3.65
1351, 0.12, 0.02, 9.96, 3.63
1354, 0.08, -0.04, 9.90, 3.63
1356, 0.07, -0.01, 9.90, 3.63
1359, 0.12, 0.02, 9.94, 3.63
1361, 0.07, 0.00, 9.95, 3.63
1364, 0.10, -0.02, 9.90, 3.63
1366, 0.08, 0.00, 9.97, 3.63
1369, 0.16, 0.02, 9.91, 3.63
1371, 0.06, 0.02, 9.95, 3.61
1374, 0.01, 0.05, 9.94, 3.63
1376, 0.11, 0.02, 9.85, 3.63
1379, 0.06, 0.08, 9.93, 3.62
1381, 0.08, 0.03, 9.94, 3.63
1384, 0.12, -0.03, 9.89, 3.63
1386, 0.05, 0.00, 9.92, 3.62
1389, 0.12, -0.09, 9.90, 3.63
1391, 0.06, -0.07, 9.88, 3.62
1394, 0.09, 0.01, 9.94, 3.63
1396, 0.05, -0.03, 9.94, 3.60
1399, 0.07, 0.06, 9.90, 3.63
1401, 0.05, -0.02, 9.91, 3.63
1404, 0.08, 0.00, 9.89, 3.63
1406, 0.05, 0.06, 9.94, 3.63
1409, 0.06, 0.05, 9.91, 3.64
1411, 0.13, 0.01, 9.84, 3.65
1414, 0.03, 0.04, 9.94, 3.62
1416, 0.10, 0.00, 9.89, 3.63
1419, 0.04, -0.03, 9.90, 3.63
1421, 0.04, 0.00, 9.94, 3.65
1424, 0.11, 0.01, 9.94, 3.63
1426, 0.07, -0.06, 9.86, 3.63
1429, 0.02, -0.00, 9.93, 3.65
1431, 0.11, -0.01, 9.82, 3.63
1434, 0.08, -0.06, 9.87, 3.63
1436, 0.10, -0.04, 9.92, 3.63
1439, 0.03, 0.01, 9.91, 3.65
1441, 0.09, 0.01, 9.90, 3.63
1444, 0.02, -0.01, 9.97, 3.63
1446, 0.09, -0.06, 9.91, 3.63
1449, 0.04, 0.03, 9.92, 3.65
1451, 0.11, 0.01, 9.88, 3.63
1454, 0.12, -0.00, 9.93, 3.63
1456, 0.00, -0.05, 9.91, 3.62
1459, 0.07, -0.04, 9.86, 3.63
1461, 0.08, -0.00, 9.95, 3.63
1464, 0.07, 0.01, 9.87, 3.65
1466, 0.10, -0.02, 9.93, 3.61
1476, 0.08, -0.03, 9.93, 3.63
1479, 0.11, 0.03, 9.93, 3.62
1481, 0.04, 0.04, 9.91, 3.65
1484, 0.08, -0.02, 9.87, 3.63
1486, 0.05, -0.04, 9.97, 3.63
1489, 0.11, 0.03, 9.98, 3.63
1491, 0.09, -0.03, 9.92, 3.63
1494, 0.08, 0.02, 9.92, 3.63
1496, 0.03, -0.07, 9.97, 3.65
1499, 0.17, -0.02, 9.93, 3.63
1501, 0.14, 0.05, 10.03, 3.62
1504, 0.03, -0.06, 9.94, 3.63
1506, 0.08, -0.05, 9.92, 3.63
1509, 0.01, 0.01, 9.91, 3.62
1511, 0.12, 0.06, 9.92, 3.63
1514, 0.10, -0.03, 9.90, 3.65
1516, 0.06, -0.02, 9.88, 3.63
1519, 0.06, -0.02, 9.99, 3.61
1521, 0.14, 0.02, 9.98, 3.65
1524, 0.06, 0.00, 9.91, 3.63
1526, 0.12, -0.04, 9.94, 3.62
1529, 0.10, -0.01, 9.91, 3.63
1531, 0.06, 0.04, 9.93, 3.63
1534, 0.06, -0.01, 9.93, 3.65
1536, 0.09, -0.00, 9.92, 3.63
1539, 0.06, 0.02, 9.91, 3.63
1541, 0.02, 0.03, 9.93, 3.63
1544, 0.05, -0.01, 9.87, 3.65
1546, 0.07, -0.02, 9.90, 3.63
1549, 0.09, 0.02, 9.93, 3.63
1551, 0.07, 0.01, 9.98, 3.63
1554, 0.10, -0.04, 9.89, 3.63
1556, 0.08, 0.03, 9.94, 3.63
1559, 0.15, -0.03, 9.95, 3.63
1561, 0.09, -0.01, 9.91, 3.63
1564, 0.09, -0.01, 9.83, 3.63
1566, 0.12, 0.01, 9.94, 3.62
1569, 0.08, 0.00, 9.96, 3.62
1571, 0.07, -0.08, 9.92, 3.63
1574, 0.06, 0.02, 9.94, 3.63
1576, 0.11, 0.04, 9.89, 3.58
1579, 0.09, -0.04, 9.93, 3.63
1581, 0.03, 0.07, 9.94, 3.63
1584, 0.01, -0.02, 9.95, 3.62
1586, 0.03, 0.02, 9.91, 3.62
1589, 0.11, -0.04, 9.90, 3.63
1591, 0.12, 0.01, 9.94, 3.63
1594, 0.08, 0.00, 9.90, 3.63
1596, 0.06, 0.04, 9.91, 3.63
1606, 0.15, -0.05, 9.92, 3.63
1609, 0.07, 0.01, 9.93, 3.63
1611, 0.04, -0.00, 9.95, 3.63
1614, 0.06, 0.09, 9.88, 3.63
1616, 0.14, -0.00, 9.94, 3.65
1619, 0.09, -0.00, 9.94, 3.63
1621, 0.08, -0.02, 9.94, 3.63
1624, 0.06, 0.01, 9.92, 3.63
1626, 0.11, 0.02, 9.97, 3.62
1629, 0.08, 0.03, 9.96, 3.63
1631, 0.08, -0.06, 9.89, 3.63
1634, 0.06, -0.02, 9.93, 3.63
1636, 0.04, 0.00, 9.92, 3.63
1639, 0.06, -0.01, 9.95, 3.62
1641, 0.03, 0.02, 9.92, 3.62
1644, 0.08, -0.00, 9.93, 3.63
1646, 0.06, -0.01, 9.84, 3.63
1649, 0.10, 0.00, 9.92, 3.65
1651, 0.10, -0.03, 9.89, 3.63
1654, 0.07, 0.01, 9.93, 3.63
1656, 0.09, 0.05, 9.81, 3.63
1659, 0.06, -0.02, 9.92, 3.63
1661, 0.10, 0.01, 9.92, 3.63
1664, -0.05, 0.00, 9.87, 3.63
1666, 0.06, -0.02, 9.96, 3.65
1669, 0.05, 0.00, 9.97, 3.63
1671, 0.05, -0.00, 9.94, 3.65
1674, -0.01, -0.01, 9.83, 3.63
1676, 0.07, 0.05, 9.89, 3.63
1679, 0.01, -0.02, 9.91, 3.60
1681, 0.11, -0.01, 9.88, 3.63
1684, 0.12, -0.01, 9.87, 3.65
1686, 0.09, 0.03, 9.89, 3.63
1689, 0.08, 0.01, 9.89, 3.63
1691, 0.09, -0.00, 9.86, 3.65
1694, 0.08, -0.01, 9.88, 3.63
1696, 0.12, 0.03, 9.94, 3.63
1699, 0.06, 0.03, 9.93, 3.63
1701, 0.10, 0.01, 9.95, 3.63
1704, 0.09, 0.06, 9.86, 3.62
1706, 0.10, 0.01, 9.96, 3.62
1709, 0.11, -0.03, 9.91, 3.62
1711, 0.11, -0.01, 9.89, 3.63
1714, 0.07, 0.00, 9.89, 3.63
1716, 0.08, 0.01, 9.89, 3.63
1719, 0.04, -0.03, 9.98, 3.63
1721, 0.03, -0.01, 9.95, 3.63
1724, 0.04, -0.03, 9.99, 3.63
1734, 0.05, -0.04, 9.92, 3.63
1736, 0.05, -0.09, 9.91, 3.63
1738, 0.15, 0.03, 9.83, 3.65
1741, 0.08, -0.03, 9.94, 3.62
1744, 0.08, 0.03, 9.96, 3.63
1746, 0.04, -0.04, 9.88, 3.65
1748, 0.09, 0.02, 9.88, 3.63
1751, 0.09, -0.03, 9.89, 3.63
1753, 0.06, -0.06, 9.92, 3.62
1756, 0.04, -0.04, 9.95, 3.63
1758, 0.03, 0.00, 9.95, 3.63
1761, 0.05, -0.01, 9.95, 3.65
1763, 0.08, 0.02, 9.92, 3.63
1766, 0.13, 0.00, 9.91, 3.65
1768, 0.03, -0.03, 9.92, 3.63
1771, 0.03, 0.01, 9.93, 3.63
1773, 0.03, 0.01, 9.97, 3.63
1776, 0.06, -0.03, 9.92, 3.63
1778, 0.07, -0.02, 9.97, 3.63
1781, 0.09, 0.01, 9.94, 3.61
1783, 0.05, -0.04, 9.90, 3.63
1786, 0.03, 0.03, 9.86, 3.62
1788, 0.12, -0.05, 9.93, 3.62
1791, 0.03, 0.03, 9.87, 3.63
1793, 0.10, -0.01, 9.90, 3.65
1796, 0.07, -0.01, 9.92, 3.63
1798, 0.11, -0.00, 9.99, 3.63
1801, 0.08, -0.02, 9.97, 3.63
1803, 0.01, 0.03, 9.93, 3.63
1806, 0.04, 0.00, 9.91, 3.62
1808, 0.05, -0.01, 9.93, 3.63
1811, 0.13, -0.02, 9.92, 3.63
1813, 0.09, -0.05, 9.87, 3.63
1816, 0.01, 0.04, 9.88, 3.63
1818, 0.06, -0.03, 10.00, 3.63
1821, 0.14, 0.00, 9.93, 3.63
1823, 0.14, 0.01, 9.96, 3.63
1826, 0.11, -0.01, 9.94, 3.63
1828, 0.12, 0.02, 9.88, 3.65
1831, 0.01, -0.01, 9.93, 3.63
1833, 0.13, -0.06, 9.85, 3.63
1836, 0.08, 0.04, 9.87, 3.63
1838, 0.01, 0.01, 9.95, 3.65
1841, 0.10, 0.01, 9.95, 3.63
1843, 0.15, 0.03, 9.95, 3.63
1846, 0.05, 0.01, 9.91, 3.63
1848, 0.05, 0.03, 9.94, 3.62
1851, 0.04, 0.04, 9.91, 3.62
1853, 0.00, 0.01, 9.91, 3.63
1856, 0.09, -0.06, 9.93, 3.63
1866, 0.03, 0.02, 9.93, 3.63
1868, 0.05, 0.01, 9.90, 3.63
1871, 0.06, 0.03, 9.96, 3.63
1873, 0.05, 0.00, 9.93, 3.63
1876, 0.07, -0.03, 9.90, 3.63
1878, 0.03, -0.02, 9.86, 3.65
1881, 0.10, 0.01, 9.90, 3.63
1883, 0.08, 0.03, 9.92, 3.61
1886, 0.08, 0.04, 9.87, 3.63
1888, 0.10, -0.04, 9.91, 3.63
1891, 0.09, 0.00, 9.97, 3.63
1893, 0.10, -0.01, 9.97, 3.65
1896, 0.02, 0.01, 9.87, 3.63
1898, 0.10, -0.00, 9.97, 3.63
1901, 0.13, -0.04, 9.98, 3.63
1903, 0.06, -0.00, 9.92, 3.63
1906, 0.09, -0.06, 9.92, 3.65
1908, 0.04, -0.00, 9.99, 3.62
1911, 0.04, 0.04, 9.85, 3.63
1913, 0.15, -0.06, 9.93, 3.63
1916, 0.10, 0.08, 9.89, 3.63
1918, 0.07, -0.06, 9.91, 3.63
1921, 0.09, 0.08, 9.97, 3.63
1923, 0.04, -0.03, 9.81, 3.63
1926, 0.02, 0.01, 9.97, 3.63
1928, 0.11, -0.04, 9.80, 3.63
1931, 0.08, 0.03, 9.91, 3.63
1933, 0.08, 0.02, 9.93, 3.62
1936, 0.01, 0.05, 9.89, 3.63
1938, 0.11, -0.00, 9.87, 3.63
1941, 0.11, 0.00, 10.06, 3.63
1943, 0.02, 0.02, 9.89, 3.63
1946, 0.08, 0.00, 9.95, 3.65
1948, 0.07, 0.03, 9.98, 3.63
1951, 0.11, -0.02, 9.95, 3.63
1953, 0.06, -0.04, 9.86, 3.63
1956, 0.05, -0.05, 9.94, 3.63
1958, 0.08, -0.05, 9.90, 3.62
1961, 0.11, -0.03, 10.03, 3.66
1963, 0.12, -0.02, 9.98, 3.62
1966, 0.03, -0.07, 9.84, 3.63
1968, 0.06, 0.01, 9.91, 3.63
1978, -0.00, -0.00, 9.81, 3.62
1981, 0.00, 0.03, 9.96, 3.63
1983, 0.03, -0.03, 9.86, 3.63
1986, 0.08, -0.00, 9.95, 3.60
1988, 0.18, -0.02, 9.91, 3.62
1991, 0.02, -0.00, 9.92, 3.63
1993, 0.07, -0.02, 9.97, 3.63
1996, 0.06, 0.00, 9.95, 3.63
1998, 0.07, 0.02, 9.92, 3.62
2001, 0.05, 0.00, 9.92, 3.63
2003, 0.10, -0.00, 9.92, 3.63
2006, 0.08, -0.04, 9.93, 3.63
2008, 0.06, 0.03, 9.93, 3.62
2011, 0.08, -0.15, 9.93, 3.61
2013, 0.10, -0.01, 9.93, 3.60
2016, 0.09, -0.01, 9.91, 3.63
2018, 0.05, 0.02, 9.91, 3.63
2021, 0.02, 0.04, 9.91, 3.63
2023, 0.05, 0.02, 10.02, 3.63
2026, 0.10, -0.03, 9.96, 3.62
2028, 0.05, -0.01, 9.91, 3.63
2031, 0.12, -0.01, 9.95, 3.63
2033, 0.04, 0.00, 9.92, 3.63
2036, 0.06, -0.03, 9.93, 3.63
2038, 0.03, -0.04, 9.88, 3.62
2041, 0.11, -0.01, 9.90, 3.62
2043, 0.10, 0.01, 9.93, 3.63
2046, -0.01, -0.07, 9.94, 3.63
2048, 0.10, 0.05, 9.96, 3.63
2051, 0.08, 0.02, 9.93, 3.65
2053, 0.10, 0.01, 9.93, 3.63
2056, 0.10, -0.01, 9.83, 3.63
2058, 0.10, -0.02, 9.92, 3.63
2061, 0.11, -0.10, 9.88, 3.63
2063, 0.03, 0.02, 9.96, 3.63
2066, 0.09, -0.09, 9.91, 3.63
0, -100.00, -100.00, -100.00, -100.00
